,Actual Value,RF,GB,ST
2718,122.22,136.38295865056736,100.90873543479069,98.05814273690626
2654,62.35000000000001,63.591159418661334,57.62324690511188,57.93696338449411
1666,50.0,60.0354115487501,48.97342923278777,47.78430681574511
5153,125.0,69.83877706828925,77.21938325227646,80.3808253069871
5653,134.18,184.9607709014861,194.5707254619508,191.4293684100122
5369,68.83000000000001,67.8385288732723,73.20021532158404,76.56505231592102
982,254.67000000000007,203.4052676107194,180.63014434540196,198.1928973337602
5433,90.05999999999999,66.60309618802697,69.76715870505565,72.04297893496907
1699,210.52999999999997,186.02494679055243,209.60888576384423,199.2511697095611
5261,203.32999999999998,181.60143820542856,210.12250756439855,213.54314539866712
2185,78.48,69.7361870585412,79.45867535147092,82.41868264691104
5214,104.5,101.020576401319,139.01013923079833,139.04107516339414
6499,110.63999999999999,74.34438558516324,85.0566791743414,86.5531966279742
3805,231.43000000000006,173.72978166139,196.58784313711774,199.1788611792758
4003,93.98,68.52337372141383,77.22730672441195,79.8997790231996
4110,66.67000000000003,61.80482072892494,61.02107571395306,61.96112492549842
6201,101.42999999999999,73.2570802984598,73.57434119001684,75.08179855057004
3026,68.83000000000001,66.23194498349892,65.65750693509183,64.95332831451202
3774,55.07000000000001,70.16158499350824,53.978890141218514,53.38600447625072
622,160.00000000000003,193.48100162151934,209.53568496437657,201.2983435511424
5479,61.449999999999974,64.03415864966314,56.85900557467333,57.63671109894675
96,200.0,144.67087110391435,160.0501090894636,157.15945590334354
3312,150.0,170.61449819347314,195.77619024631952,213.9657024653534
3684,70.71999999999998,65.34788080675204,66.13346495100551,66.91955051345225
496,49.720000000000006,58.71565064835584,49.584424115490165,49.41919329890911
4774,56.52,62.81338626859816,60.422460781661854,61.06811226566662
6042,74.03999999999998,67.43625192721494,70.69720194390831,74.15211319205451
3824,78.94999999999997,64.22497597896874,66.37462811163273,66.54164504099006
2945,227.7799999999999,190.37951895588904,205.20923080685426,202.95030352833757
1545,62.95999999999999,62.72773629425035,59.5637583816149,59.21388270912326
5481,210.00000000000003,161.2840104998744,172.2594690887732,174.80416917324982
2664,262.5,212.38135085974386,280.5609234320241,287.7403516522867
4406,151.93,71.8686533801956,87.21631943536333,82.65144877817731
5782,53.330000000000005,64.03902317529156,62.45799600323182,62.33226234362577
1905,75.22000000000001,66.87740971335724,68.18056239676996,69.42169092453587
994,45.71,58.135732800633235,49.7741348680322,48.4983606122059
324,84.44000000000001,75.1842089540917,78.00133271657599,78.96520782868666
1407,354.35,189.92576639010565,200.95600700726152,193.48362988744805
5071,40.00000000000001,66.84893087943388,75.0975426402813,76.96447490699302
2510,196.0,173.48093520805259,206.0992868781128,206.09847271065098
5893,160.00000000000003,144.70665464331773,152.60394630531528,153.40784030175692
3017,107.50000000000001,132.44085050422078,101.89505546469113,98.03057383341134
2829,59.29000000000001,66.46033859369543,71.34989210054628,74.73242935741652
747,56.25000000000001,73.77582446391295,68.60272499895632,68.49381584552398
17,74.65000000000003,66.40905121017926,69.28757683058907,69.0884943020537
5997,62.49999999999999,60.718113044084625,55.264824464423654,54.8245263162838
5435,8.600000000000001,38.58356772228059,10.118754723747381,8.202586210808542
2053,59.63999999999999,73.08814162639814,66.65524515371206,66.98516521753429
3377,87.95999999999998,67.65977058852756,77.15839109773933,79.49413806325492
3016,249.9999999999999,158.93177246979076,155.2248974573385,150.3714637742131
1801,64.44000000000003,58.490684002433596,52.19887019673286,51.47414037632894
6443,44.440000000000005,72.3292698466287,62.92873283946164,59.5997278614396
2154,254.28999999999996,195.0085304026522,244.49161438153635,252.29313701968363
3035,77.42999999999998,78.85008050349533,100.04134374451888,107.19362206911534
4015,75.90000000000002,66.99588588600328,72.87652415641553,74.06356109735798
4222,53.909999999999975,55.458192114678766,47.61324210841821,48.07191082537208
2927,238.10000000000008,223.140065110042,288.5276611088188,292.5286276439567
5238,57.14000000000001,73.70048497036863,68.7645027314953,66.31276420156411
2463,69.05000000000001,61.55352093649449,56.35470117265856,55.94501058855376
4874,216.22000000000003,176.1113453560607,185.30817597527903,185.08368918936088
1805,214.2899999999999,190.99331901293448,191.29935155015812,186.1284673927698
3927,171.17000000000002,87.32819607557434,161.80448310353415,176.68758959685087
1618,247.92,194.8432426196304,236.7422244377541,241.5125590343032
5839,59.730000000000004,61.25447678220357,58.22559749792768,57.72438121381642
4594,118.42,162.72952892590283,132.631802645699,127.55589298082393
1192,155.75999999999996,163.23575051424476,161.4340549413749,160.1711578798992
4472,43.75000000000001,62.587847997258926,44.02182098996171,43.56565774387585
3305,120.59000000000005,159.87193239307754,175.92742217847223,184.2392865973084
1115,38.120000000000005,64.02356339906412,52.09556041311733,48.42865904281434
2118,73.95999999999998,142.43735360163052,96.2760632286166,94.18763205087426
4050,77.77999999999999,142.6985229877793,51.89304273900202,51.61082336789466
3916,75.0,67.79291814762183,73.3271298207285,74.8857302772725
2873,74.03999999999998,138.67431755919281,90.7865680658081,76.79191545256913
3080,163.15999999999997,180.23820844082542,168.29124484336253,160.25423934368237
6228,57.68999999999998,64.09095425125022,61.867826146786975,61.96792585378717
5466,59.779999999999994,64.31142223156687,57.759883514730625,57.38209388004252
1662,45.21999999999999,60.141946556261885,54.55839066315625,53.38300873244533
2031,184.21000000000006,176.75710970173444,181.74190965460602,176.9534769026907
1420,229.99999999999994,174.86249136605997,189.75136604059242,184.53218673633333
4789,85.70999999999997,68.95147719492172,74.77995484669474,76.07914942077797
247,68.28999999999998,65.46631032704408,62.76175483087589,62.912772561578905
5339,174.99999999999991,173.56034283717818,200.1986117774724,198.60811473718186
3535,123.75,165.20898238892244,151.8687263543538,151.6493350573011
2499,99.40000000000005,75.59382779341747,96.01572019288758,101.49694096331224
4678,45.62,57.06273708353664,49.15127559977809,48.58945947568179
1323,89.0,77.50209409560118,93.9133717235757,93.66897538815742
5274,44.169999999999995,55.29943038480133,45.099696503425,44.76274610407414
1175,135.00000000000006,69.47762809120863,93.5726423425183,100.18281397859779
4715,52.00000000000001,64.21524638928437,60.08318769417798,58.97905024848528
764,156.64000000000001,196.063886622832,200.33751675264128,201.25432250572132
401,256.1000000000001,213.12320939487665,242.7138297352814,250.68335896228552
1912,171.43,163.55239828742376,151.4845294434722,151.77389208952312
3704,46.49999999999999,65.31671165407276,46.19475823348013,42.11640123008712
3534,286.67000000000013,180.08897953327627,192.3146181591469,185.8915512980641
1566,225.70999999999995,163.86185062832453,221.6548002502671,219.71347719211377
3545,60.80000000000002,61.10732189044375,56.251930297914825,55.77193547218939
1971,56.57999999999999,62.71286894056004,50.40028106742603,49.31814028527563
6168,74.35999999999999,67.09767680253282,72.7770583479528,75.62540510925066
5802,69.25999999999999,68.97625580890112,73.72048673373946,70.57753088829777
6427,389.55,138.56563392883928,177.7163584564693,201.44404186574823
3399,45.93,63.335096205446305,56.51032840641817,57.60145667963196
1634,225.00000000000009,167.81102587658083,158.22211703451296,158.16742688753428
31,215.00000000000006,186.09068286716717,175.7991501965985,165.75151704672666
381,59.82999999999999,64.46982147552615,63.08316067388857,63.260936124554675
3989,167.30999999999995,170.78227231941995,154.09671156887202,149.76850411696847
4480,234.20999999999998,194.07588749824217,230.77954932197989,240.54357983910845
2163,52.09,55.8044385340244,48.91052246480233,50.12966578307373
2874,58.68000000000002,65.09661700890523,56.56853703377417,55.738595240840255
6586,43.75000000000001,58.10896441470966,49.69804772127602,48.76821972997772
2226,364.57999999999987,190.50445969676116,195.76666285901797,191.3977440070601
5638,73.41999999999999,67.51715810868102,65.88919157044039,65.90055050584408
4508,87.99999999999999,66.31972902428464,78.18691465691865,83.43106491848633
4084,138.06000000000003,139.3348415795644,142.29947610376004,137.8596603582834
5563,211.25000000000006,201.72163473192765,244.98945045966687,247.38347413878913
2410,166.87999999999994,172.54138771020234,213.4541817297072,219.2339198940697
3861,23.330000000000002,32.3194274207906,11.710203658955061,10.98763583017646
6568,71.58000000000003,64.91610868648169,69.50546690316907,70.00182078905182
3945,50.769999999999996,66.22261317212892,63.884340974256205,63.62249183478377
4722,268.74999999999994,180.41573529063635,200.18139951587145,214.6230863493169
4863,160.48000000000005,163.00514840239933,144.9119013732623,138.9485305577231
5180,238.80999999999992,177.95701393935997,227.83938714742476,242.73471412149695
3341,52.17,60.37786158321118,54.586876032800575,53.61439618958508
6082,122.81000000000002,163.48970160321988,122.31082220845076,111.0522693600646
1550,60.00000000000001,69.34241086177828,72.53017678394036,73.80319784975998
239,190.0,214.89118352407027,262.43818647292625,257.7177222126926
3463,41.04,58.637213615422816,48.02411479240261,47.27755293810932
2229,88.57000000000001,64.74834274545746,60.57304366770766,60.41813150549805
2890,78.89000000000003,129.75373780491893,84.1226017541655,76.20411785929744
1385,50.0,62.66497591894381,50.67852532046547,49.49378407396081
23,312.50000000000006,180.9361741914068,224.86097261453915,237.6475721451248
3185,68.49999999999997,65.47359734177816,56.81525615992795,57.21184879255729
5673,333.3300000000001,210.63520770429892,302.9445122248825,314.00525404588956
5364,76.86999999999999,63.765504939174164,62.66417923383919,63.5850611970358
2641,258.3299999999999,185.510517435927,252.13931620927633,255.80353386268848
1485,65.16999999999999,67.3231929401334,64.20328943562224,64.15131303034084
217,89.99999999999997,158.16782510908422,152.40132574274844,157.95736499292275
1488,33.32999999999999,70.19892025005072,68.70130558666217,69.94075891613721
4649,60.159999999999975,67.67663262322354,71.72283564685287,72.95635575493269
960,60.870000000000026,110.59511134636863,62.606143649327386,59.21444995066996
3130,75.0,157.99770275526507,183.0709976713064,179.513896713705
4506,140.84999999999997,184.24233989383993,176.0103642425747,186.36872993172727
132,229.99999999999994,176.6959032979643,170.02701901600415,172.53398295271785
1406,160.00000000000003,146.82419445832932,131.30398299927577,131.22799306429133
4635,289.4700000000001,195.3355840980791,213.02601527430033,202.20728848027426
5018,116.00000000000003,81.47289942266853,102.8055381814593,99.76323755998085
6021,50.0,64.25351066949085,53.97202372116953,52.83854782993338
1436,45.99999999999999,63.63711182306142,60.86624900322825,60.49751809651072
5485,75.0,67.09011495984565,64.8653267107582,64.64332021594704
3497,36.480000000000004,64.0194885908951,50.1282063269361,47.77030418429824
5223,53.19,61.938982453058166,52.72387926041328,51.313091388552344
561,66.37999999999998,72.46492119099405,69.71270186809004,69.08904432685897
2333,387.0999999999999,185.31223635639353,215.94374548026005,210.31660891641408
2252,80.48999999999998,67.05882475600954,73.00910636907392,74.84603353923204
3607,285.7099999999999,191.0875452790627,214.56425747272013,225.49221978046188
5888,52.529999999999994,60.03881674374341,51.9026213185907,50.850019775423256
3764,181.25,187.03882848391567,191.59810823354425,192.9628056574551
2937,157.49999999999994,156.69040436605775,148.1525109914579,145.4315987028143
1559,193.74999999999994,166.84285035468582,173.73567263661008,173.6477485633247
263,188.51999999999998,194.58299859756985,197.46429746193823,197.47266871237105
6101,70.64000000000001,63.37552008564823,60.352888708595444,61.2797466810224
1047,301.27999999999986,199.37660461311938,222.95829342301718,235.6826299260294
1221,44.120000000000005,63.55128867351196,52.26582205449356,52.453127800582756
3375,61.90000000000001,63.373549452198404,62.540882926877984,62.95272822973511
6355,61.46000000000002,66.32618404586597,63.53789335175634,63.726117370823786
472,268.0,194.29777992329733,227.19856225023676,228.5170344344411
6044,84.41999999999997,73.97697351226878,75.73437875895536,72.86145109862086
755,241.66999999999996,174.36362096328438,186.79921410710259,189.77071365129262
233,97.49999999999999,84.9942675122817,103.95427032318888,104.70754811424284
5281,44.290000000000006,61.27381537067652,50.9838934563567,49.14337225155083
3313,72.02999999999999,72.98342994550916,71.53510053190872,67.82729408779706
1002,148.61000000000007,171.6616978195751,161.13585931863318,156.67928851817572
4513,64.93000000000002,63.63630987533975,63.05879953895085,62.79933252897199
5257,52.61,62.15699478714068,49.232787166876975,49.37515494569638
2197,58.81999999999999,64.78807779546744,61.843347790916816,62.55837281424278
2523,133.32999999999996,159.43045769114775,134.19404785981385,137.27896448726864
5424,319.2299999999999,203.61814917188747,265.3316021916252,280.39667242018857
1345,157.57999999999996,96.76198165289931,159.55150088688123,176.52605787219906
2742,210.66999999999996,153.85933919129357,177.01358715967754,186.84091871707128
5867,168.86999999999992,205.65987418445062,245.32523208928333,252.26427913049594
4581,31.529999999999994,41.32901081470426,25.308939456682605,24.537272453872635
1411,239.99999999999994,196.1920799902896,237.96016969241003,243.79070865612778
2323,248.44,192.1223544621686,243.95899539147118,249.70010613091821
2594,205.26000000000005,185.4083181820186,202.8080373342969,197.09578033820534
5309,39.81,57.06773535516483,45.64003744996504,45.21501553484902
80,55.47,62.743354244554766,61.300265359907954,62.316245347490884
2370,102.7,119.8299374267163,117.9945569850026,114.10784515803667
3994,55.21999999999999,63.53126443042454,63.45367359408296,64.31396051406485
230,65.12000000000003,64.28777527945097,59.907913503160586,60.888422017122544
2981,273.52999999999986,187.90168086528962,236.77240605635714,242.48267318426383
996,43.64000000000001,93.3051087912186,106.3719096951277,78.58069128299135
4063,74.47,65.08651042188585,72.71986853089544,74.99151002432377
6291,67.65000000000003,74.5586353160787,73.98830295438808,74.5220177689191
1375,186.44000000000005,90.68614234551991,131.54904961350894,143.54480047803946
3355,97.49999999999999,149.0882859865584,134.79604852139406,137.83031749164695
5058,59.46000000000002,64.62727350929316,61.78377128021846,61.644309877301225
5695,65.38,72.25413173043565,81.19073892982722,79.28485157546164
752,104.40999999999998,172.4218107958147,137.6620905806329,133.51979229745888
4957,71.08999999999997,72.75238114559846,67.86092790081337,65.56761602981133
2741,50.0,69.39289187745233,58.19483960429889,58.65054267627609
1158,244.07,196.65303430532416,246.31163008247944,236.1282142251032
3403,62.49999999999999,75.07185996283302,75.44679055629832,77.45732357846283
5090,51.20000000000001,79.43142472583314,89.22550329939635,103.21587705715422
5040,74.06999999999998,73.70074351120262,80.39265577854904,78.75865979416328
4570,150.0,84.76000037179905,121.43639523462568,126.1434351021288
4437,71.99999999999999,66.91797699020911,74.50513111076144,75.97384371754363
4196,174.99999999999991,87.4857769458374,136.41142341033108,144.44066042303538
1414,59.45000000000003,60.89419937044305,50.52627960175701,48.989201682338596
1992,99.00000000000004,73.16235834925601,69.32458077878007,64.60184935941949
1097,63.660000000000025,63.97457423200282,59.15297029314946,60.69479392265704
3276,52.11000000000001,65.3781198989966,54.95835246513746,56.0274391101369
1225,425.00000000000017,102.2858635988428,161.80186354423165,180.5821962185402
1005,50.0,63.51581111689994,60.662591928256475,62.305991872587285
2722,179.49000000000004,185.65912909285254,197.27795218204898,194.48151370932766
3164,55.00000000000002,115.7856277408613,78.52308742784292,74.34388929170758
1487,219.99999999999991,111.89575950061327,270.400633034089,295.53906882476184
534,211.53999999999996,137.57380644910427,143.4992195231023,143.40325937516596
1397,91.93999999999998,65.24924650928396,69.83570505061105,66.4828828516873
4059,60.00000000000001,65.87847525861342,66.65942744748716,66.13130132326641
334,78.49000000000001,66.61051577887075,75.7452749659765,76.20638849582056
1034,372.73,224.74631891435973,273.83444058560343,286.34061505349234
1789,133.32999999999996,137.13371414408172,135.71376627556,140.93997723229904
1737,69.00000000000003,80.78477149295362,76.83456827129848,72.23378591978323
1354,236.35999999999993,162.38988994954897,183.81735217996945,186.57220875949838
4443,70.0,72.221158145167,77.77577929016694,76.89459235983338
4447,186.6699999999999,186.192590457402,195.00623754198597,192.64783453058968
4047,82.99999999999999,80.08658793166916,72.69299304205958,72.05419508620788
1103,55.279999999999994,62.46308763678023,54.337386017737394,54.34851850996988
2552,176.67000000000004,152.49815312817498,150.8707184045771,149.92632936344245
61,70.82999999999997,67.34250935519877,67.42592244570763,67.72780719816218
4728,202.22,154.8987364642934,142.54154282872648,130.9825298808635
5790,71.42999999999999,83.65021281030067,77.85306159777559,79.8641187063429
4031,43.04,61.27159482243439,51.12489639920734,49.99422635664526
5099,333.3300000000001,163.83329316694895,233.65049780268373,248.3755437053868
6381,208.33000000000004,82.97743552036292,192.83574371673865,215.16206025625132
3085,34.75999999999999,63.873277009730316,42.49508476323107,44.250332742705524
2020,74.61,64.54246663552455,66.23790032471928,67.0383933075395
2516,52.00000000000001,68.00190362273577,42.587869169473386,45.03979091829698
1357,183.7800000000001,174.86703792256236,204.82376776967104,200.65591362454308
2574,359.99999999999983,236.3239023174331,340.6407029257136,342.305528694806
1038,162.5,165.56015911570134,162.5308475174002,164.19273465584996
4100,237.50000000000006,195.05144153554326,229.9380125415717,226.4031028103523
5037,139.46999999999997,166.72816229245106,155.28340299906552,151.23661391175017
1882,44.120000000000005,61.685010603429426,50.12418842015275,49.94369892005294
1393,65.38,177.47882923299144,114.5961183938776,112.9245190164127
2683,144.74000000000004,154.02212911199533,104.15424441801112,105.15800244162679
1807,42.02000000000001,55.83172960697226,46.73810172742966,46.4322836821017
2803,180.00000000000006,159.0269700952928,140.4866254851194,147.05369599690076
5487,274.9999999999999,228.36544168312403,333.24546590089733,344.16348654740125
5857,174.99999999999991,178.11708894277513,190.06900913647397,184.47918307775694
5289,126.98,200.57904201921832,213.94045057150586,224.33198738021963
1244,40.21000000000001,63.90111853582553,58.17701477399949,58.10064382397529
3131,156.75999999999996,134.99457672760326,135.9388660992573,127.8013883003612
3881,89.74,69.93287106095013,77.21938325227646,80.40369583506516
2781,31.0,81.20160955202553,55.212971694346685,52.491584706938816
1498,228.57000000000008,183.79727336140647,187.4711650055837,191.3589217964958
1433,385.7100000000001,224.1374956941901,341.2026890099764,354.5493091896953
2045,304.3499999999999,217.21561987014982,309.19866193570226,305.5632593189902
538,100.62000000000002,84.3549710380235,99.76896828612757,96.42660513743684
88,233.33000000000004,219.26301919127977,220.8473238656095,218.53413703581933
3879,70.64000000000001,72.221158145167,77.77577929016694,76.89459235983338
3113,42.86,142.45793672097832,200.36704490717096,208.00820332673422
4205,150.0,173.94330333186386,166.19958897408173,168.72336394320925
2254,123.33000000000004,92.7867145632547,134.3591409701101,140.61448122115578
156,253.33,142.76827030435769,150.41563292063822,152.27380781290677
4747,57.14000000000001,64.1678297338782,65.02576605383503,65.20943278990947
491,212.50000000000003,164.17727729303024,210.65519036154532,201.88008792888266
1978,158.67000000000002,155.9328389628608,171.19120912626693,170.1311430087268
1963,291.89,175.2653102405557,160.70957910040934,163.34511275725126
2519,64.60000000000002,87.20532363000892,78.80463009434348,76.62741585916145
198,106.67000000000003,167.61374731359402,151.34276882098277,141.4380363747731
2663,79.91,67.63203746210664,73.37362059534271,74.73386242453186
2157,254.41,205.59164533962516,221.5076073826101,218.00749214730823
6403,86.75000000000003,69.39905556147865,72.94457389924979,75.23671052508767
6245,227.58999999999995,188.5437098810157,240.19725331225618,253.63763846484494
3289,69.44000000000003,68.06842162798746,73.47812137264978,76.48225963313561
4760,103.34000000000002,69.4264407686417,71.1970264429696,69.64964227773243
6338,66.42999999999999,64.09068529500937,63.343421959593584,64.45981967447688
3618,19.5,45.15732255583744,21.536820346216803,19.40999570436452
3408,233.00000000000006,171.65747697347953,175.64591917789582,175.16228182100667
2778,53.63999999999999,74.44614172768394,63.51118343382049,56.48561326280139
2245,272.00999999999993,174.5655165321425,178.0112665158324,165.19204975652835
468,182.14000000000001,173.6126664906539,196.8231968789552,195.56279378620516
1656,194.57,189.22013973585283,204.07744006385894,193.443290278806
1514,116.67,184.92320583220987,150.76942654627385,158.75207623681288
1410,145.0,67.46316270250657,86.67259433539456,86.45563218456392
4326,107.95,67.59763035175244,71.52083433941044,73.4016412502002
2627,291.9700000000001,153.31777835270603,192.5954907094185,206.35208698307062
1926,59.29000000000001,64.41819467961787,56.58187197657671,55.46684846493612
6165,174.99999999999991,189.35695033969415,187.82638228473692,185.5815955803944
5806,66.67000000000003,69.31179529842258,68.60734723572847,68.49988691044966
811,119.67000000000004,173.1511911943799,166.65126877904353,168.2374942312219
1149,89.99999999999997,89.21771266225565,92.45073316831912,98.6104782178991
1340,246.00000000000006,166.78241311634426,217.34604882298737,208.47171193023757
1870,119.66000000000001,140.09555028901232,143.32652170307983,139.27174512718074
706,90.82000000000002,70.41235559985276,72.00785576961984,72.78786929059397
805,229.99999999999994,175.59324562206808,223.5047181629125,244.2054605884238
6272,80.53999999999998,68.10871070047216,66.44150816701521,63.258108323151134
5046,75.39999999999999,67.19908553444237,71.34701589569784,71.93849330671436
2225,200.0,182.6291914969725,198.40207839049077,199.8289426847879
2916,75.0,67.33970672683765,66.53383224885674,67.17219106710318
1543,60.28999999999999,62.50382814770847,59.235121028628264,58.91030681219763
2515,194.99999999999991,119.84156181893536,212.86915802984382,230.35085712501285
208,320.0,215.20398562014122,277.350173710777,269.2218388676102
2921,201.32000000000002,109.76204123963392,202.06285901732514,235.2899571226451
5840,68.61000000000001,64.51982600544483,63.37823021456653,63.74332696463749
756,408.8899999999999,214.3903771904539,254.8176431957887,260.56773030612163
5981,165.84999999999994,195.64910221348714,183.42066733279682,172.12001792200348
3386,148.64999999999995,161.82408469079817,126.34368095903616,129.62465954420261
6193,61.43000000000002,66.09547500343905,68.45797608636407,67.68152892205072
1421,137.5,157.87861913252863,149.1275485366059,144.7146435562819
743,183.33000000000007,182.00157189809568,219.71052041845172,212.76752767442775
5265,289.5000000000001,196.30891741306786,226.97000346130073,230.54490917909072
5742,166.99999999999997,181.77000038867715,191.74103224807178,188.30196101960595
6512,76.25000000000001,64.4603836124033,66.67599303726743,66.57307999848553
696,117.01999999999997,74.34438558516324,85.0566791743414,86.5531966279742
6078,66.73,61.98547558066333,55.91990411426802,56.291211583348826
4362,225.00000000000009,88.4710546435659,160.32280220745872,168.5315014773193
4574,192.31,185.26248232237637,244.7309491304515,234.73997426091955
1471,292.85999999999996,161.33978602912347,152.02437114834387,142.20943984226926
5930,63.72000000000003,62.96840311034986,58.913404334931016,59.28536921274369
1454,293.3299999999999,235.742167442585,343.92640290446656,344.76231878764105
4147,18.749999999999996,51.26589551367282,30.698592029460613,25.763307080484747
6248,276.0,182.00486032882495,193.05507804360877,187.93054003452286
2687,90.91000000000004,80.7579955725814,77.35929058270632,76.52535761037915
3350,206.25,179.12551249862716,182.5785119893609,180.26211816683454
5744,121.61999999999999,165.9116748631373,126.26691288986616,116.59826677731851
2431,212.99999999999994,199.246753486799,198.25326371177383,204.91380480222264
1951,143.33,142.64291714325006,129.0113549225218,127.33814110427423
3475,78.94999999999997,63.75831551891156,63.07551919371443,64.73759758748963
4442,378.57,220.9506927142652,360.74623502587235,368.64525135474213
6207,42.21000000000001,59.07988489055722,47.245000712014544,46.79621025476419
1533,290.9099999999999,197.55434533803873,174.29380004672518,180.66904245902
5497,194.11999999999995,178.69948472551891,181.42260848293617,175.97775697539097
5662,167.65000000000006,167.68466997719042,146.80237207250732,146.71925185311795
1074,75.93000000000004,65.27886014948818,66.0479929056626,66.05690574828697
2316,35.16,64.76626033375105,43.63314820563033,44.01405151082815
3626,43.330000000000005,62.33192562750111,36.88164475407357,35.07268544948169
5966,78.27,65.00860271918545,65.10991836325115,66.10393796301827
4264,37.14000000000001,58.67502561166608,49.4835004113196,49.62273259437631
676,30.0,42.02115340723905,23.689630372406867,20.202820021639205
2812,237.50000000000006,157.20662324529118,161.1197752268442,164.1666317533588
5603,132.74000000000004,88.98377450854667,98.13350057835294,101.78791114642189
3948,70.0,64.50656176050154,62.71550581382353,62.809109803362134
3203,78.43000000000002,67.50680111741447,71.87229443020135,72.29739946303799
5002,161.81999999999996,189.66822426431534,186.8628673144883,179.34785671473625
1419,136.00000000000003,143.5980033422877,160.22312247406202,164.73591849905654
393,183.33000000000007,168.54357585183087,164.1627919120812,172.18571181408106
2271,193.94000000000003,174.05308636312867,188.11760870006597,184.82247531707074
5707,50.0,77.54531089814044,57.21419507273638,56.66340987836759
1022,73.99999999999997,78.7795304931791,81.18190923811484,73.02617275481646
3971,36.53999999999999,65.54909160342388,66.8831285607112,65.67343302973774
3114,56.820000000000014,83.42151190446846,70.52206504360653,71.68384865270329
37,213.11000000000004,190.11561137444548,248.98294190330807,271.33096357764356
465,33.73,60.06507301320426,40.740870664500584,39.32159111817143
2346,90.91000000000004,157.33902375020887,146.33133281388436,143.8540297511512
3815,146.34,183.848331977824,181.3705042673666,175.54588884643354
296,182.69000000000005,187.48808441978326,193.92574144841117,192.1881347285023
6033,55.880000000000024,60.215842897666725,52.918070374793544,53.201449725581575
1730,233.00000000000006,194.65730066386337,210.83571738221514,208.07820467863735
2291,270.00000000000006,201.70990396271205,254.13558492381543,257.3557564758206
5087,70.50999999999999,64.22497597896874,66.06171803686293,66.33304760581771
5586,313.6400000000001,204.7193864196599,262.15104356096344,260.3047338889479
611,80.00000000000003,70.39899884497623,78.0883064460353,79.55174124958951
5033,136.58999999999997,184.39546400911945,196.1863788063203,190.32840496149953
2471,177.35999999999996,201.7550671201736,238.91476915311412,256.05155906500363
5982,238.46000000000004,205.06938873186076,222.43766602488958,226.41080775941975
4325,62.99999999999998,60.95549878330319,48.262493731836244,47.985436385892804
3934,60.98,64.07794615644835,63.879069842265594,65.18188850562463
625,165.82999999999998,199.58460651926202,276.5883124442796,287.71178664338197
6551,169.22999999999993,207.78763302559065,216.76313798735302,216.16050760934735
6511,421.25000000000017,200.72992916845124,265.626197565355,272.769328869536
3685,75.40999999999998,68.87573556498702,67.94721289605074,67.16742986197629
4505,87.49999999999996,63.60804136965746,61.940200839538726,63.54424387104025
1507,157.88999999999993,85.04676270890448,126.57109803134779,140.6182845257034
4847,281.7800000000001,182.37023292966194,214.5590839561771,203.9318699135341
2575,51.42999999999999,63.82483167027476,61.83533812099816,61.71725012313637
4190,327.7,201.99454017369845,280.99039032983956,295.2526970239434
503,120.3,151.24969350518043,154.2329535822908,154.68682649573208
681,276.79,212.52764390276235,256.1164267819297,248.82237231685528
828,57.26000000000001,66.9865880629177,70.59731253901359,71.6296670082688
683,292.64999999999986,228.0464126035379,277.3790090978705,288.6752427720965
549,205.00000000000003,167.59182392817414,206.33855243317828,204.6460132570812
3501,50.67000000000001,67.26744672993422,62.925571910334,61.922738914884015
3866,252.00000000000003,186.938263368924,220.605392170436,234.97192179761709
1897,196.25000000000006,190.86406816838698,229.54076241586384,235.90931879569837
535,41.21,61.89931944963311,54.24597289278361,54.65617590549657
3340,105.87999999999995,64.6356827599977,68.36644796736977,71.48070253812288
4313,45.60999999999999,58.62456968726877,50.82152190836689,50.226103179050966
4279,47.02000000000001,59.22897282234691,50.58445178338013,49.937442559016255
2287,244.21999999999994,167.27697957840547,185.18723192388205,183.62466283672723
346,234.38000000000002,192.87276047143865,231.95552874996366,238.203135235435
6068,165.00000000000006,73.23773828994878,99.94949359253702,105.23653356447954
1859,128.46000000000004,162.68337989739064,151.42072268400653,140.0828951066533
1840,252.52999999999992,78.25523900861653,179.36849865266754,191.07753462945695
1090,173.07999999999993,177.90358995660412,208.47141765637008,213.35496625719563
4763,166.49999999999994,185.86503956076592,257.23576430561394,260.9332895812212
1756,60.00000000000001,73.1921248074223,66.36781217861969,64.15533348133135
157,64.99999999999997,73.8436688002339,70.27505301160194,67.60526529415624
351,54.000000000000014,60.77262345376168,53.640597710275514,52.701705475392
3414,46.11000000000001,58.679433733714866,54.51437607589695,52.53242278286638
2509,172.73000000000002,91.76315964889949,123.0878309898195,130.8920305009399
4783,190.0,174.86317239346872,192.7897433251285,193.04855954573515
2915,53.819999999999986,65.81010915867368,57.16862902667805,56.32994196530083
1199,67.52000000000002,67.19756375972665,68.70830326313093,68.71812940080969
2677,71.62999999999997,64.42188253199649,63.697021275091956,63.89643388370767
2716,249.9999999999999,211.49036459087,241.78859986237373,249.49820786453392
1755,148.33000000000004,223.77607066495298,268.75794765125926,262.68947580335515
3326,60.98,58.90454151339876,53.33062559190067,53.55185716948714
4615,72.61999999999999,67.85342642401557,75.00122117553357,75.99189081129045
3400,37.15999999999999,48.16993731625366,39.15245868386827,36.27531917488901
1599,118.26999999999998,146.2472071251996,194.84572272618942,200.26356410456762
3541,69.56999999999996,67.6558889490413,67.51821884007018,68.35045323985936
2402,65.36000000000001,67.18279000094574,64.98801951252868,64.66301627555873
5303,268.74999999999994,221.49574221408474,302.10120782584556,295.95590298922593
2598,98.36,79.33368592923156,92.50018921339772,93.85927881209173
435,52.73,61.190483079343565,53.317586751909396,52.57330165955727
4254,265.42999999999995,212.2973084651621,271.5857971256443,280.0752931151525
6255,160.00000000000003,176.43841246852668,164.94138016752302,161.09125951080802
6490,163.33000000000007,174.24532916391695,169.86494323340085,170.87126441112957
3455,73.68000000000004,65.28022091803618,63.173403557652534,63.83189173540528
4010,136.36,169.87947568412616,167.93607971656198,167.87135135964124
5329,175.99999999999994,173.1021652399704,173.77485212880094,177.68533854761156
6292,166.11000000000007,170.64462340975825,171.8797996938717,168.652335778729
79,221.56999999999994,183.92474026705187,187.12120099619074,189.10330239931002
167,383.12999999999994,164.12595655706286,207.74779357907934,212.53136045935932
5407,49.059999999999995,80.15030141716646,59.93498177292748,67.5362041081502
3838,72.72000000000003,63.06028112433698,60.05467537217374,61.232147544007994
2132,80.00000000000003,64.86867378267515,72.32489049120844,73.64655163174578
6460,170.00000000000009,191.9774905561316,184.19047324047,179.34815521996438
4974,50.489999999999995,65.2025577996371,49.09886371874067,49.00260604185857
1468,160.71000000000004,172.15807505154748,198.70370543982048,219.72146091645232
4947,52.48,66.36244297376736,55.6732271991147,57.108814690173695
2977,35.0,66.69996352601156,69.66401209528513,68.66724441428222
179,34.809999999999995,62.21415196993614,53.343813627684284,52.35875293667426
378,197.82999999999993,171.6925047729551,173.37988810719511,172.72793761308102
6545,54.550000000000004,64.87985610272919,65.32626876405531,65.45100752977429
6531,325.0,252.78762137084647,332.9415302984743,333.1956326338478
2183,96.91999999999999,153.6527801705387,162.35805126591305,174.60584642215008
4734,66.41,66.27353723855289,65.0443171918594,65.06945058673257
2476,212.50000000000003,208.40610868850078,256.63420464890197,253.868862491261
1195,92.85999999999997,66.59573850784261,71.51895190834117,72.58307652148694
5181,95.24000000000002,66.7707479353134,69.67520722745734,68.68303248501994
469,52.7,69.77345074034255,57.02576687534263,57.46906273557157
476,91.00000000000001,81.18601325380233,79.04476334880157,74.99909574861766
6339,176.4699999999999,176.5063723085939,195.98912323024055,209.03871876156725
5714,46.14999999999999,58.67705040451157,51.77211143826019,51.24021178071251
2303,69.44000000000003,63.440576885054995,60.329920585249624,61.13174988503747
4920,56.35,64.45101196514331,57.67721961012059,60.11432148606443
5584,58.57,60.92167116149932,55.83035169029042,56.41015401813595
2647,185.64999999999995,173.855227057358,144.01905711743916,147.22258217625333
50,190.61999999999998,178.2689894909008,185.0883950786321,181.52906396372381
5562,197.99999999999997,198.60670513035473,201.30437355067383,194.62075643516116
3661,15.219999999999999,45.275926579016925,25.803788238777273,21.361431762379453
6448,70.77000000000002,63.75771551473373,63.97954822429021,64.6207973661515
2880,156.25000000000003,155.5073361498236,128.31421199564608,119.7704843192852
1079,156.25000000000003,175.65433387521594,181.47367310582806,177.51658329767892
6417,339.0000000000001,151.70588687418459,206.91639808011126,207.7505605290197
4668,33.64,71.35743541296495,61.06747041298182,61.58631556032789
1554,320.0,208.80005226207797,281.62067600390805,294.2190583465412
3734,66.33999999999997,62.97483300711555,60.315583923653065,62.21109334114146
308,241.18,203.38383568495908,206.55231669600718,192.97259348724083
4467,269.57000000000005,197.12542939236752,257.532363354239,264.2907536033198
3499,55.56000000000001,64.47075375319316,60.576450681804296,60.85194673409723
3667,40.00000000000001,65.433389866193,53.045533412505584,49.004810434952105
3139,31.25,63.22588047196348,56.930173156545514,55.19504634667218
6376,44.550000000000004,69.98683883296015,71.24675605145438,69.92914235778237
3941,60.779999999999994,62.771099551880326,59.76691864444642,59.88885462709451
1945,256.00000000000006,171.11642296903747,185.8856683370199,191.27993876789537
1425,178.57000000000005,140.6623254537656,142.06576560794403,135.41715075282318
2498,254.18000000000012,213.71892173942464,268.61195133435615,293.6470029967579
511,54.039999999999985,56.901752789522064,44.66160368673062,42.56615569854113
5833,206.55999999999992,148.13823156074756,147.53932899406948,145.0162349094728
4591,226.67000000000007,181.61871839711958,199.4396135998493,200.60599144086035
3050,76.19000000000001,69.22261700357238,71.02162937084563,66.32059666659663
1872,199.62,194.92324473524252,221.15690883168318,208.2842388371344
2678,39.60000000000001,67.48756545729101,67.22191184021766,64.532731205934
2477,69.56999999999996,65.68211918205088,64.55416968998398,63.96429661666073
1562,44.440000000000005,66.09301922262888,66.86870278440925,66.27038688948295
2284,80.00000000000003,66.80892970192671,70.78620211024132,72.45359228419409
5294,77.28999999999999,64.32482635071901,71.70140363295056,72.737748203598
4053,51.32,62.1161380329494,56.19552229111081,56.17898712056596
5766,100.29999999999997,77.97834885027804,91.08755111439012,92.1457471367967
5359,85.89000000000001,63.343987941014305,60.80614179855333,61.87496220229458
4357,141.82,132.3939399104731,115.58111694046306,116.53142586148176
3277,189.73000000000005,208.67689718316493,279.45792380755444,290.99968290388654
93,205.66999999999993,199.2525265137803,229.6891778498366,231.851911806358
1161,170.77000000000004,199.92125211017114,225.41206606355013,223.50156491139938
1263,185.42,198.41962446510695,199.43003896840298,194.20822030453255
2103,124.00000000000004,158.97115150916446,131.13191777240837,130.86429577535756
5587,37.83,62.950594200898415,43.677757533944046,42.63866673264631
1839,89.09,67.23997307253363,72.02691955224383,74.27302647040247
6133,98.25000000000001,163.0845535320102,122.58131948938552,121.05019842264964
2298,76.46999999999997,101.51711501692971,68.40385154918698,63.89462341808097
322,28.759999999999998,56.8803043519961,41.43692239301399,46.490626910180815
5885,381.81999999999994,233.9476243095318,364.94295033665315,355.97312147852915
248,44.290000000000006,57.539141720252786,51.27965100723861,50.198051014483696
4148,78.67999999999998,66.72319003882198,71.22328125815706,73.87832180826008
4732,63.640000000000015,87.79178477129938,85.28713758373411,89.43430511714989
4937,349.9999999999999,210.08008171499083,259.3390474238124,258.0195070663668
4703,314.29,188.04145487566186,198.67132461445684,203.81104273695934
4353,56.999999999999986,66.43824927769928,66.43694534791642,69.2109804978844
5484,105.87999999999995,89.64619059691441,135.57229319290812,142.27876298965123
1467,276.0,183.51897034209657,206.06347808557123,204.2213220644295
3773,79.48999999999997,67.88157493440349,73.54366199440825,76.46794881436935
5655,76.64000000000003,64.77859693522205,68.62573877935328,69.76763525256482
5112,42.64999999999999,56.63278538510653,48.86912321562699,48.074610342546165
2272,274.4399999999999,204.7732323020068,230.93989833123945,235.64628169011607
1352,48.52999999999999,63.98806698260259,43.56706927631412,43.448737952627475
3433,146.67000000000002,178.27196658254144,175.46044877113223,170.43128856808485
91,61.32999999999998,61.92381228410596,60.883144092541386,61.95346788781665
4414,14.999999999999998,45.130629827997296,25.967829161940138,23.42518860262036
318,221.48,187.27410004575432,199.4484761098376,198.83811952328594
3133,56.670000000000016,67.86335751711526,71.8160513305197,72.79587066870651
1575,185.12000000000006,178.24944002166754,209.15745057716538,226.6704292473532
1553,41.24999999999999,63.0579227007383,58.5739443834229,58.53294906088114
1328,180.00000000000006,189.92752135735032,196.48497237094608,190.24647624950592
585,47.99999999999999,80.31661878735513,72.83105876585553,68.34847981762525
812,89.07,75.02973031225979,115.59979705282038,110.61404179575045
5347,64.61999999999999,67.35851126355608,65.52907422856121,66.04001938634565
5921,69.63000000000001,78.23175510764632,63.63812843591295,60.98945038710621
4597,55.56000000000001,72.4141322351969,78.53520703675039,77.92860818215479
3245,270.27,172.55438191779874,182.04140938010457,175.84232649735128
1212,151.52000000000004,173.44059966450862,176.35933472753422,184.23051058131307
3404,247.92,181.978881388039,206.5612569296647,208.07723375162354
6474,71.53,65.8255669431998,62.977359418673885,63.47056518053934
1101,376.91999999999996,229.10317796434393,357.48233647675386,356.011096106816
2765,165.11999999999995,181.8278158852923,181.8882564047381,182.178202579788
763,164.38000000000002,97.90254700267329,154.24630930772403,194.49972296295886
2377,50.0,59.96394944234758,54.14559081959688,54.567372397882
5993,46.81000000000001,57.54441272399306,49.07160017413448,48.826772985151685
265,81.93,67.37343225732829,72.21547510752845,73.78283794017902
6224,130.77,229.04808657212416,284.90969672351105,288.14232220227655
2910,54.40999999999998,64.23288185253222,62.6436402431174,62.26084695819517
6584,74.73,69.2731236480543,72.99918056607673,69.69068471334187
5455,61.50000000000002,63.9377094926642,61.077401821385486,60.911369383901096
4954,89.50000000000003,174.45540086952312,186.79746500743207,187.21293271573083
2970,34.13999999999999,82.0876539232771,74.22124768745509,69.0660083921243
14,56.999999999999986,81.64944206850406,54.706308105641995,52.53616286738307
2622,96.32000000000002,148.3103750799224,173.0732945104609,172.489704585173
544,121.54,124.38080494515359,135.5433739065284,144.68680484244874
4112,70.91000000000001,60.98230154898142,56.65096940664908,55.34135595867501
8,270.48999999999995,201.52357580995732,221.7143957855578,223.40932967726798
1922,41.29999999999999,59.44016005996088,46.73618874728167,47.42767605255701
5942,109.99999999999997,81.12080680057235,101.43187535697913,109.16234466916954
332,50.86000000000001,66.21566364648886,59.70459262661087,59.60577483821342
5954,42.86,60.25625784727792,53.347030790483295,52.44227390906884
3128,49.31999999999999,63.068665151872295,58.5739443834229,58.54043575228505
2432,53.21,65.29447247307664,58.955071550819774,59.06602273444344
2473,25.5,32.3194274207906,11.710203658955061,10.98763583017646
1918,101.27,68.38980653381356,77.21220998391237,78.80873458779811
6336,112.86000000000001,151.377486927387,130.57415036605872,129.98720620981157
4371,75.0,76.6147371413227,77.24192165983057,73.58641953687757
4404,51.43999999999999,66.59148816387116,63.43106330042495,66.0265794400525
2666,226.67000000000007,207.44147110970988,273.74111009630775,258.49942961990223
6442,78.12000000000002,66.39963628824681,74.27530341664516,76.22919286578
6315,66.67000000000003,62.96840311034986,58.913404334931016,59.28536921274369
1339,167.49999999999997,171.7027843435398,173.705497927148,168.1300831880471
4663,156.09999999999997,171.1832098294037,164.80790588106782,159.42136685860052
6518,107.99999999999997,171.50614833474847,157.24614225041103,149.82045279890332
1620,170.48999999999995,168.64826256438008,160.7179360110953,158.5855855790463
712,96.14999999999999,70.43120974013482,64.03110424968759,64.24061829120346
4081,85.67000000000003,132.73440211357922,105.24755466190766,100.77891548425053
4076,31.0,65.68276247562996,61.96650045063069,61.64912461902092
2004,145.0,147.9214067952955,119.57719372570374,115.38707593335
5020,82.78,66.57901657113075,74.425795766283,74.4090063238548
5712,150.0,144.43497918937047,163.3763881502872,150.55366508393138
1412,240.38000000000002,197.14478247027802,234.25498530339522,252.97056487569407
733,88.48,67.2230568055414,71.9362916429046,74.15069322529804
6530,93.34999999999995,80.88418562597357,86.19285662056949,81.55432200957723
6563,82.48000000000003,70.37930198801467,77.50067457715828,78.41219281797304
196,327.2699999999999,168.84747957339138,211.08082211417423,199.80700349952966
1321,171.43,168.52872160829955,162.3058806937779,173.47312349871018
4420,43.75000000000001,62.587847997258926,44.02182098996171,43.56565774387585
3893,52.5,58.9969703563485,52.871607378529106,53.12920043608713
6344,190.67000000000004,162.49458421212833,210.69389740586038,218.35292672360902
432,250.90999999999994,226.12521197666481,243.71885714614285,258.77058456441625
4157,57.970000000000006,62.81338626859816,60.422460781661854,61.06811226566662
1183,45.59,64.48010704524775,49.647255729980024,49.35094115294209
1084,55.380000000000024,66.5426940761856,65.73435931620381,66.1485999117425
2707,43.31000000000001,65.06398106130132,51.96985498048344,50.998673827516086
1042,225.00000000000009,180.19758126817254,169.9264402955762,150.58859063210855
4790,428.57000000000016,187.3365851710457,194.99237688451095,185.53550193084067
84,69.85,62.798297358269004,59.17117379548928,58.90671304117032
6083,40.00000000000001,65.83623932166455,49.159532849185354,48.46084389329808
5769,106.29999999999998,64.04049023636532,63.28997213693877,62.44046739462855
2338,274.5600000000001,197.38924733166593,211.52118605621524,216.2487739903604
425,56.43000000000002,77.79388007524835,85.64899737908938,87.60612813112641
4335,133.32999999999996,153.01606358757942,149.76739039014106,149.3950714196375
6080,72.86999999999998,62.82734916773707,60.15421609578495,61.31572817678303
604,71.23,71.11493027346881,65.11713417153983,63.48777385518842
3869,188.89,198.42435819244378,190.88203019942915,195.61612794724064
3621,100.00000000000003,147.0686393963146,107.97172191799085,106.92770470161032
5074,316.67,215.94043260642334,298.86067368809506,323.84077431113326
2223,59.08999999999999,102.09459160564599,69.56271695829913,65.25919157412656
5075,58.28000000000002,70.39223660018874,71.04310538053335,70.78571252437575
3153,258.06,189.4894986316599,217.8446409847717,216.23667413536
4184,11.0,61.48191589989885,58.3015683872999,51.46528618532856
5589,286.67000000000013,198.21614919973882,239.66847116900354,255.93461302076219
185,84.50999999999998,67.24132871225298,73.15549625240648,75.97199192773796
1057,158.99999999999994,197.6479917254237,216.6488699102656,219.23605695745425
4113,71.17,66.8681318393012,67.71335017326689,68.5006519225261
5093,49.65,62.872248972545144,53.20490644834086,52.6924600703083
3717,349.9999999999999,213.6825968241799,331.41494848331513,319.05866011821405
2617,154.36000000000004,87.95289123007099,112.72625847768961,120.47864375187665
5154,54.17000000000002,65.91363979456001,59.990031171741926,61.59943107694275
486,171.23000000000005,88.20816621245882,143.23978362358199,160.42691065690892
5317,140.00000000000003,176.99411562570623,180.00057367887254,176.06413772770506
4816,57.77000000000001,63.39366064645483,59.81220146817168,59.84437634486386
4072,51.349999999999994,61.07640274951898,54.57027938435856,53.344776752757404
2142,75.0,66.86076246766117,69.55824946668255,71.0281062879191
3641,60.00000000000001,69.74341228797627,64.3150439150352,64.40800321130396
4094,84.99999999999997,68.8498907271432,74.79219385185858,76.32437956446135
4901,88.88999999999996,68.18793366956534,75.29632167594461,78.59742326965768
1803,71.42999999999999,65.55888838111609,64.74472072182805,65.4582704867822
5911,120.00000000000003,69.96162524072152,101.8525666827587,105.87640887338607
228,64.99999999999997,62.061654744988466,47.387951445304566,45.73469122062734
2789,86.95999999999998,66.20424235566551,69.85255272132534,73.21188282993373
3197,167.00999999999996,172.53091824551134,264.1578242425426,270.6840089728944
2680,175.57999999999996,184.99813273925136,188.8781613465998,181.35622421666542
3703,217.49999999999994,199.67780020472156,216.96356675726528,216.99370992749485
2094,192.19000000000008,176.32306061793042,181.00815253856527,176.24127174830895
1330,191.43000000000006,195.1839965333493,214.61178366455223,212.91050022109434
2939,203.6999999999999,138.31767121359405,131.5419432645911,146.26241738431426
4466,81.93,67.09767680253282,72.7770583479528,75.13627997443777
2885,248.68000000000004,190.48514149439595,309.8804403185312,312.8146897453633
1867,417.2699999999998,151.00935940603912,192.47624237067748,198.1197476961535
3733,333.3300000000001,203.38459389242058,251.2419615946163,266.7156590299112
4154,42.99999999999999,69.83204413669245,74.35865650523057,73.34126650855102
3817,200.0,187.88059084018147,209.07973751821316,210.63181788634122
1595,169.38999999999993,195.44177004679244,199.98370410188565,208.3733881826165
3014,136.24999999999994,136.16614213398276,114.01549936194675,108.07697580015174
5624,271.43,203.07889972480606,235.9197008550921,257.0337890011932
2799,78.65,65.77215744977781,66.0663515163827,66.1850460736516
254,225.00000000000009,144.88375541968688,189.7948472109523,191.12303712894715
3181,54.43999999999999,65.12316073052261,57.93639222773904,58.16050034989656
2764,48.07000000000001,79.39873136855216,79.03222555488072,79.08480510172527
221,251.6299999999999,167.3805562653227,219.4332361472282,243.5141775699205
3285,54.40999999999998,60.0792238583141,50.516153953314465,49.66391528058051
5531,56.27000000000001,61.52336591354435,55.57016881256305,56.54059060649764
65,108.57000000000004,161.87690926426623,131.29071983088122,130.86141462073468
5186,184.38000000000002,177.64946673381277,192.96100553665963,190.51534774103783
5343,158.7,204.57331578263873,238.6439278234841,241.55995804628267
5640,343.33,223.88017590771048,282.7944188369869,303.9958995626009
4890,42.830000000000005,55.29943038480133,45.099696503425,44.76274610407414
957,55.00000000000002,66.14018678156096,68.62205886581148,70.009955044016
5107,69.5,63.240535262495484,53.18667550072769,52.835978652333566
3422,129.99999999999994,71.13134825420481,107.53025162676039,114.14271737264693
3214,102.49999999999996,69.54986956598474,62.53159888240418,64.8192692069412
746,317.4600000000001,189.11565810445995,232.40422560608724,241.75998227621307
4823,137.97,175.2706370502712,159.47752199980567,157.8889506534945
1721,174.38999999999993,188.0901196296535,237.85665844381177,239.16973022111415
1046,169.70000000000002,122.8328277830705,101.26785976707625,94.02004597659297
2807,162.95999999999998,179.02727919159997,194.79306073392257,198.1636654109875
1743,68.74999999999997,65.57986115131614,65.39965181852146,65.14337785972934
1075,392.3099999999999,183.88393158084412,200.1671497781293,200.71467754518346
2706,177.90999999999997,155.09500586458398,131.71281716211186,135.88091984886242
842,194.28999999999996,184.68447567571107,217.20436654041274,209.25457095246006
1881,106.67000000000003,118.61547290596847,128.37952933145596,131.13320826756097
6305,387.64000000000004,173.0875183223471,321.689313476022,350.66255620655505
376,82.02000000000001,68.29661043632409,75.10226007492783,75.47079464412998
543,45.830000000000005,60.99594070943931,48.912044616080735,48.23850377316918
5622,42.8,60.66151852060784,52.917943633562736,51.359004539169014
2115,71.07999999999997,64.6465979658919,59.677305272228345,60.6003520233219
291,66.42999999999999,80.31675880647197,74.40985964587611,70.62298165649364
3418,48.84000000000001,66.9774404935179,58.76094459134439,55.97475482385217
5701,80.00000000000003,69.00380092874255,77.62595457532188,79.87630346472052
1891,71.74000000000002,64.52523950629836,63.40120465881185,64.01593421512938
1362,87.49999999999996,70.94579194529547,71.54959451252833,72.99590701496533
177,157.77999999999997,176.4047117714916,163.0776908925452,162.69712524433768
3257,35.0,60.59885586919806,42.07721739423551,40.91948461685098
6088,194.25,186.71241320617796,218.36682501346198,225.79814512888154
1754,84.00000000000001,69.28878451550685,54.644182871602624,54.44896092144576
4531,40.82000000000001,74.3392130940985,55.658067862836894,51.67159208935858
501,306.76000000000005,189.41517050788173,287.19775927282484,309.90366227131386
6158,182.93000000000004,180.5586829744589,187.5953129618242,202.00121042120892
4161,233.33000000000004,198.7994415014849,231.3886306719202,229.1113394236398
2759,66.23000000000002,147.64309589489562,171.32874595387185,171.7227629338842
2876,260.5900000000001,171.34210928043518,181.02675041473577,176.86802223393084
6090,398.6700000000001,170.40850435520457,260.14815929066003,286.1506916435654
3226,75.75999999999998,71.77372086902419,70.0929441005254,70.81096637178734
3620,62.89999999999997,65.22219902140236,66.97343194056073,69.06464661246584
6100,199.69999999999993,199.8050148729908,241.20283942780313,229.1309389117281
1416,82.58,65.77215744977781,66.0663515163827,66.1850460736516
5118,376.91999999999996,229.02533987479353,304.77177708360944,321.4067450742356
2862,86.06999999999996,81.10086273265712,78.14855215362016,72.84878390515249
1740,61.04,63.5506341649787,56.026968473710994,57.04950868174553
5144,247.92,93.61959903044492,133.5635027481421,148.30289675165974
168,183.52999999999997,166.50101049754744,175.51103846557803,172.81910772376168
6203,48.82,57.30553043275522,49.95618836519953,48.49551412457101
4558,33.75,64.69424419842747,33.80946901753845,30.405396529256553
6262,45.379999999999995,62.55836745092338,61.300265359907954,61.87759754051762
5044,90.57,71.96148440738617,81.88219559183725,82.86193340720621
3159,102.94000000000001,64.31237399037445,61.889173921850045,62.11995624444522
319,65.73999999999997,66.45380404517066,66.52212888568533,66.85368550696215
2228,55.14,63.70686290245678,62.33802611580982,62.952979263659685
2986,61.44,66.17734630355844,56.499572359680464,55.41165811159965
5119,267.21000000000004,147.8452814970716,158.5366830059701,163.70859793227572
4118,52.02,63.02215791726945,50.39908109434815,49.74736087894804
3218,109.99999999999997,68.82327366401364,77.07562972999722,85.67972792225267
1695,197.13999999999993,201.51610991148766,245.82980860749154,253.16497855584012
6422,147.05999999999997,171.90841982252957,162.9053646017756,163.03216388122976
506,241.66999999999996,210.65871010867212,254.71167747010387,241.30862576297127
4523,188.00000000000003,188.44583780093402,186.05819844059783,182.0688188234532
2997,247.00000000000009,192.35565714995778,208.90415315443153,223.34462331168686
216,83.81000000000003,70.6221149452576,72.30021352899362,73.17890800366463
932,62.51000000000002,65.76855687558519,75.83484970849713,76.95412529905796
6395,51.14000000000001,62.961895454633236,55.03810989321339,53.31655241934342
5488,70.0,67.2718727423491,70.20553010516942,70.90952797265544
1858,196.85,168.24002044681544,225.66785658851597,222.9368400389867
4739,44.5,78.5111595047595,48.7201634953729,43.29334901762433
3008,216.67000000000004,180.18896309984078,188.14905790675547,196.44675331318004
2860,266.6699999999999,217.6124222485831,307.65652726181617,303.163850448984
2887,95.74000000000001,172.757212763341,145.64127897713468,136.8387462778388
4166,92.00000000000003,73.5439013582884,73.58942381873642,73.08725973749785
333,57.97999999999999,63.47092660030387,61.76569336132561,62.49375562740238
3674,282.5000000000001,186.72313156843626,188.41532384496026,179.36464444090518
6579,44.07,60.26086650280847,47.75033746258484,46.47633036990713
3126,44.74,61.022044613573705,52.15544953279059,50.82652255824541
2801,73.75000000000001,82.07463918353807,77.91810329298686,74.34544244634462
6161,52.06000000000001,63.016489249848405,45.89985266251825,46.029526453200255
6533,298.0000000000001,226.96821985075604,274.73732569431854,282.7005985034833
4189,41.67000000000001,63.240508253654184,45.43925570076949,43.81262754323969
5516,45.0,68.73979096052241,59.88036405000847,55.82544414555064
5513,86.49000000000001,70.31183454868223,75.97515090473263,78.2327615664186
3915,204.16999999999993,174.97296479046312,153.18916680114972,162.09504157469132
2407,212.50000000000003,184.62959531299526,219.3653177626374,220.75284144769668
437,53.330000000000005,67.11631370102832,49.7507289156681,49.71801824553579
347,97.11999999999999,67.18377574267416,69.52849361421549,72.55144967548657
5077,186.24999999999991,176.71433832861308,166.59124929755652,166.59297892417248
2576,165.56000000000006,171.60663484499628,162.259870345084,163.38178375203321
3167,160.00000000000003,162.12930850730785,165.76240238452777,163.94637015519703
5912,47.10000000000001,59.2714231363883,56.54596927095818,54.60504947586943
6209,78.06999999999998,65.05840307022476,63.21077168241081,64.20875621473708
2972,65.88,75.0175962658039,80.36997534864491,81.92898699379768
4535,171.11000000000007,179.6709110583851,167.37838564947089,165.86380750371535
259,65.08999999999997,63.4098887642058,59.496861213937954,59.25688929051534
1670,72.91999999999997,67.5726841781491,73.416206895209,74.93954039628737
3238,203.12,195.9629880276333,224.79070011037203,225.23894127256312
833,119.57000000000002,153.4448394887595,134.62270331647971,128.16190480110143
2825,392.52000000000004,185.63879385692388,278.0588648645475,291.1727814015887
3392,48.90999999999999,67.41760351978927,60.16701485019999,58.650253693437925
3878,48.15,66.55307368786114,60.281050402823475,59.65300379257434
1297,42.0,74.20706274527961,44.585424712227535,44.18210094667721
6377,39.61000000000001,66.3009083548704,55.638362203383906,53.20493103313739
599,76.5,78.8652316096231,117.86125923123623,117.92019252627934
45,208.77000000000004,199.102175134718,199.81859769007508,191.32735422420916
6274,50.489999999999995,68.07970435548962,65.6605432503504,65.64024371708496
2619,311.76000000000005,184.95589563976029,218.0511720129281,221.9735117931432
5922,87.99999999999999,67.05284150822716,74.64056037827925,76.77671522491652
4180,189.35,158.4075610812307,187.04138015471077,188.01717252187316
4717,59.779999999999994,66.14829397338673,66.36783877136375,68.04290712137423
323,204.00000000000006,148.5428527686881,176.01022535122564,181.94154299564548
3751,215.38000000000008,170.70023019130534,175.79918258654388,172.26679201129696
3528,239.99999999999994,172.64448409640826,235.06512860559735,269.50649173053387
4960,61.11000000000002,67.09767680253282,73.83713707355896,76.5226658601081
6299,50.0,60.97916636345815,53.15531807785632,52.73716110475962
6034,137.78,184.46120976247735,206.40302425296235,199.29450245741054
3049,45.099999999999994,62.147338202897984,49.209675724871566,47.25427329188367
5676,400.00000000000006,228.13534543573053,281.2294174489773,301.36455396235283
6256,55.35,56.58007030075626,50.566991575005666,51.186458336534734
231,138.82,171.10892248104577,146.65417232014107,144.96784336792533
576,174.63000000000002,156.29766012279913,191.32119826569973,183.01345359680153
3904,156.42999999999995,156.3458041078103,170.0450210687575,167.1493977374899
2304,56.98000000000001,61.79083181138253,56.93283244689366,57.4668643598422
1832,162.5,194.0185202355988,207.71781460766218,191.05282447483066
447,130.43000000000004,87.85998711335222,136.3776062397259,160.16515740625744
4773,68.17999999999999,67.3539507672667,64.28927153924198,64.07874377127801
426,165.00000000000006,137.64596883675432,189.21533823952163,197.0133430754363
1786,173.61,74.65967708919592,104.89219687368237,95.02630634221644
2886,55.80999999999999,60.98925237751811,56.05575825815016,56.88521931751554
410,156.41000000000005,149.2401580101599,187.520075993665,191.01314361102888
41,316.9200000000001,170.8454584686278,231.01822574045423,232.24870849244348
3095,357.53000000000003,209.29351526851374,331.03788916924873,353.8613534821015
2596,309.08999999999986,216.76698442293684,250.72959452170508,248.57492841247398
2063,135.70999999999995,150.4174819405656,154.96413046425855,157.1218613931184
5925,71.49999999999999,67.1079477037559,76.41335826395563,74.68200061097924
3574,81.82000000000001,64.25937162448581,62.45775424559633,62.55997607316932
800,81.87999999999997,66.8821062713555,75.60145802388871,68.84439483828815
4292,80.00000000000003,68.72844775845994,67.6243904898217,67.53407432379888
3671,266.6699999999999,199.41625387266475,213.14189084816053,219.45994707876977
19,46.21999999999999,68.50688303115832,48.12038018410653,46.794147350969354
4697,157.95,181.47606042751482,193.02377987048408,191.7186769471951
2275,80.00000000000003,66.26107802748207,71.64712002318127,74.082636236758
3956,90.14000000000003,74.14943878160385,85.21155083281208,86.67480682110607
4479,39.66,60.254488463986924,45.28272014242483,45.40805560150217
626,155.0,189.10845317786197,196.27190762817395,195.73934787351376
4845,173.13999999999996,160.64950175821417,152.20441295035192,152.37799126204862
199,192.43999999999997,164.39304644173748,167.45148752048962,167.48935891705818
4307,70.63000000000002,64.6949488973092,68.88596025544636,71.02916620906511
865,19.5,61.332083123877624,42.79789415480335,42.188835756915196
5492,321.4299999999999,189.27961952402757,290.09091394726346,321.54750406879157
51,101.94000000000001,124.69622581270357,51.86140004010452,49.321632647413296
3859,57.05000000000001,59.168786474400555,54.30116245355408,53.89291762430205
2646,77.57,74.13358477521088,60.21198686138931,59.931224676007176
1049,281.8199999999999,206.4750756239737,244.78547731965983,257.284974263498
5978,56.15000000000001,64.21059197512908,63.42914607865657,63.974241261129734
2966,298.7499999999999,217.5622776363485,334.76906745105043,337.26253444576736
4002,186.88000000000002,163.2127878390206,157.37690814093668,154.48203902275833
2746,164.95,91.51113871267795,137.13659153334447,167.94984588146713
101,211.67000000000002,164.03749951267085,170.95400340836483,171.63181174614255
5887,274.9999999999999,225.02911084916468,281.89579042521774,280.9583675210013
5582,60.81000000000002,61.40578736721964,52.617826466809504,52.70228270525534
3431,179.0,146.89339175559783,146.10215719340812,132.2382461961656
4374,145.68000000000006,173.5322789807977,176.44357398370803,172.2394079010688
1446,290.62000000000006,182.5903111089696,216.83654888597553,215.44326304233806
3207,51.719999999999985,69.05903241963372,87.00501699976132,92.1534671729074
620,118.25000000000001,200.2552026780544,178.15417724811627,186.14957275132696
3975,56.52,62.919878283988794,58.450171677991186,58.62379485035214
2024,299.9999999999999,111.07677918199292,193.4785325461717,216.1016313061121
2318,47.72999999999999,64.51271609137218,63.46884261769485,63.10653317265327
2699,70.0,68.10682317858294,66.27083411756031,65.63558368019173
4995,89.99999999999997,76.96711199489029,70.55772901205758,70.85570061171173
2458,75.27000000000002,64.18306951676769,63.696699050551175,64.09405535017743
1643,234.29,169.58135329364237,174.57435984210989,172.88924974902616
5096,394.1900000000001,218.732786038682,249.7750961403317,269.62852122045774
672,166.66999999999993,169.9754169275779,169.01538630831567,165.43446660660055
2570,159.61999999999995,164.77292458039594,141.428496624215,132.9595408770695
4885,156.66999999999996,169.9768979952158,168.18598611612538,168.0676472012499
5933,196.42999999999998,179.3137335054386,181.09382036442872,175.497618041561
1193,150.0,88.8590119905772,131.7604086586241,140.7021417001756
705,47.58,61.12543028327852,50.80016070049674,50.54498307736821
1894,71.0,66.60469058863465,67.66383523300239,69.48901718315246
4966,312.50000000000006,221.6132381078969,316.5160761238023,330.6308794278478
5202,266.89,223.78372951190843,285.0351299151714,296.8801085204153
4894,75.0,116.46810269665743,88.55893405394335,92.3526786403395
3306,77.10999999999999,67.09767680253282,72.7770583479528,75.13627997443777
3127,144.43999999999997,201.82580673288814,224.3519230139304,222.93274433154608
1844,56.19,68.54462874511688,64.58922324571793,63.95153392217223
1315,219.4399999999999,175.3272019832928,187.78560826943286,188.57435415964287
527,45.59,62.336040939804946,54.97587052229782,53.22136564604814
3411,87.62000000000002,70.6221149452576,72.30021352899362,73.17890800366463
1144,13.050000000000002,50.456948462534925,38.864411274430466,37.32140359421409
3802,50.0,61.130570955390006,55.16681876959988,53.050880727254814
565,48.500000000000014,63.31623888880955,53.830808623449926,51.42021279543503
586,53.60999999999999,65.06433407146325,64.89367048435703,65.16725010765416
6306,98.17999999999998,73.60949304077187,76.23175102677016,72.13461100829214
6138,90.36000000000001,66.19198290585003,73.12387413377853,82.39143543007181
3939,57.749999999999986,62.99868867864915,61.724287383638206,62.40949947827661
1617,249.9999999999999,180.9778827123321,183.17989588632335,192.50986648094704
2855,64.99999999999997,68.6663795403226,66.57310783829776,65.69328113874562
6173,62.110000000000014,61.18832069111559,55.32369766803075,54.01888918805608
730,44.550000000000004,87.35101465683617,83.6586531035302,80.12149732168848
1954,67.61000000000003,74.28462358562427,91.77900250910868,92.57129849106501
5733,83.70000000000002,173.71456458518725,128.24377291714788,115.1870363123042
2691,181.02999999999994,214.70468428110252,256.4375557442956,262.98474086695876
6346,144.43999999999997,177.22569774302565,165.93486661540436,167.9582869536417
408,138.89000000000004,164.86256277940092,158.4530915251795,156.4387751650711
5848,82.93000000000004,69.58350843404929,75.19579767979853,74.80843728862392
325,286.3600000000001,225.4864192032481,302.63331117118435,303.38102653720375
1608,175.56000000000003,184.03890088219262,177.77298582058137,179.81219406447545
3195,186.6699999999999,155.48783782035747,177.52066507795445,180.79490073095945
2232,200.0,184.61550688962586,215.20621466990832,214.1344209329699
290,179.0,193.66671768169695,216.47206770042817,216.46457477890866
4409,76.91999999999999,66.74927360571337,74.27530341664516,76.15947928739992
2347,196.67,173.38930561890183,174.4698665011308,173.00147693339156
2899,58.81999999999999,79.75045756847095,73.44551879853971,69.39848578723712
4832,242.8599999999999,180.21763668551054,183.40804546563518,180.13697831672377
1747,270.9099999999999,196.6735188934651,259.75741103338817,277.6174796865923
2098,42.34000000000001,59.12128379245492,42.30704341757394,41.8510895555118
3105,173.90999999999997,166.4186565937766,149.12386582303986,155.18770460856987
5521,173.07999999999993,191.70570909052213,200.20087014928612,200.79086014223122
3651,151.72000000000003,193.54944777894326,203.14009422183383,208.68670105912858
1600,71.42999999999999,60.77262345376168,53.640597710275514,52.75900578672336
1039,47.00000000000001,53.957943035040834,33.04236530810334,30.337519554651184
864,79.56000000000002,68.15287963438719,66.69386200998497,66.37756857310139
2310,265.70999999999987,200.05313610653306,241.03731466455892,251.4360289078745
5564,70.62,120.30060846594185,74.66975493056867,73.67477736767346
5105,70.0,153.76904982677294,101.70720633680266,94.01872301899552
6199,60.00000000000001,64.58045463235538,57.49442291813672,57.57020550967808
1864,150.0,166.64484379266193,114.00412638801595,112.78063291316467
3949,96.0,68.83547848764455,150.02623027537462,175.09319369677857
371,53.17,64.39257103223652,57.41027784397392,57.33726895834631
6194,253.33,185.06850286966662,215.8775900608131,215.56565952901548
1578,210.00000000000003,145.23775327282357,183.0371100416099,189.41165441557408
4204,125.76000000000005,95.17644294198763,125.6283367928786,130.02611982279672
2339,57.970000000000006,63.26783734412763,60.59983241167699,61.06754415646588
2124,65.49000000000002,65.00587590591189,67.60270704627176,69.72366966176355
5050,190.22000000000008,86.0373420556604,105.9802702836722,112.67976815871393
5891,246.67,198.73795587477278,222.6462011911838,236.84466502429402
2586,105.35999999999999,186.98302118566883,178.69207011592866,165.0699011783482
5637,73.77000000000001,63.555237755319254,62.984291934434836,64.0453263561336
6373,209.08999999999995,172.41022760856555,182.58072581739106,178.42126885825903
1860,260.00000000000006,193.2231649982866,203.29089590441566,191.69820837528908
1512,329.41000000000014,226.22792252744586,300.5491179478884,305.8928937826718
3664,82.85999999999997,164.03772087390576,128.20988148879653,126.54213486595509
3833,162.15999999999997,183.84306839461743,190.30739136119072,186.98344976366596
4768,78.89000000000003,66.79965875709918,71.00627577459373,72.27526640832846
5812,171.88000000000005,174.97791863078348,186.25341647454061,181.94249271361832
2918,49.019999999999996,67.08028402064612,67.04887334980664,69.26412671645805
2728,59.20999999999998,79.64312317747057,71.65640412737244,75.0692799645345
5957,68.60000000000001,66.06246459930274,62.47487883088383,60.22531790713107
6389,28.000000000000004,68.02974914348651,52.6411980981454,54.18613201939491
1163,76.13000000000002,72.39165131296275,71.23283066380947,66.05408638748042
742,290.32000000000005,195.77488840279833,173.54891936698374,164.60347480433842
5951,401.7900000000002,193.95788753228146,231.59067627510433,227.7092567280663
5609,121.66999999999996,166.89969957767025,138.14176685683245,139.83176895506492
2439,162.5,177.91693239337798,174.06080389233995,170.1007329469162
1370,31.529999999999994,68.61069871615994,63.98040068672617,62.87953570109588
4507,288.14000000000004,184.59738880587275,218.30096223989116,229.74037842199132
2251,198.4399999999999,162.17651968296806,198.79939813642056,203.3714778961606
2763,115.29000000000003,173.27890743344895,157.947941268619,152.2311060428929
122,94.99999999999999,118.48813548921764,147.42938378873765,138.4238068137423
1650,65.61,77.2646374885229,71.90575222714199,67.75775939061027
5601,113.78999999999996,82.22998529745166,100.43293078397892,108.65269648365795
1215,220.59,181.99756357172038,208.18342248810245,209.1475686514171
2273,304.69000000000005,183.4620091461808,239.05311164949606,235.50038486865287
2095,256.24999999999994,183.5145694598093,230.2568699257585,234.4839210595425
1371,225.40000000000003,170.2134567425443,240.58505043846043,251.8388059350472
1511,53.57,60.19050980042997,54.10521281503154,53.504939438500635
4260,84.99999999999997,67.65005318806195,74.6257702337028,76.78977348019791
3381,77.24000000000002,81.284901415317,62.13895417413139,57.079872720141495
4800,50.60000000000001,61.44217352255328,57.892424257584416,57.07256058308575
439,328.95000000000005,224.2713539041784,296.19102385082596,292.70045421629027
4512,91.45999999999997,67.50608135921553,71.90353725852165,73.74017619402886
3720,263.64,187.3264949756225,258.1763702695757,260.2890553130444
5036,229.99999999999994,207.81404177580055,217.00685262596187,210.55768780668632
5822,57.50000000000001,77.47762390166208,83.60026865767647,86.45076686351287
3801,138.04000000000002,196.58327023265258,219.09823742677057,218.8853894629785
4334,186.35999999999996,85.38740969849937,156.21676604697979,170.2145224859199
1153,114.06000000000002,149.64809232292322,102.4728653707481,96.18945298990992
5121,43.99999999999999,74.15880020655332,104.4261586661683,117.9098179385669
1188,145.44999999999993,163.68557393423075,188.5897914232191,183.42826923539093
5462,68.28999999999998,63.34786405513033,62.93137696854122,63.9481928334274
3315,77.87000000000003,67.00167291670869,71.01261898258753,71.01896506680049
4810,219.34999999999997,176.20060418669178,187.93433467948262,189.5399135163114
2404,60.00000000000001,64.12478101388518,64.26457221142704,64.7819650459814
3482,53.19,63.64804060950945,55.84837063272225,55.9765246042021
3349,73.39000000000003,71.26761223272395,79.10136325225238,80.98989742261654
1760,75.85999999999997,67.71611837148545,72.61776246052649,74.28991124045893
1223,201.99999999999997,196.37115467356278,227.944838967397,235.61126584468565
2753,103.60000000000002,86.533938749294,109.60603820104191,112.2318882731355
4310,79.59000000000002,66.60469058863465,69.26101547015743,70.7917358339875
6326,116.12999999999998,195.77636294765864,218.96464913031878,190.04677483148336
1611,198.33000000000004,181.96361778347983,205.91890044180417,205.95051221018252
5368,71.84,59.82806538710593,52.90574150331576,52.43994631591568
279,246.00000000000006,84.42838356101981,109.60237716203216,122.42553755586837
1480,180.61,238.27503153794876,343.4058130469777,357.1548352556471
4461,161.29000000000005,155.8770456632519,113.11056911670562,108.46949910590921
1817,64.99999999999997,68.03747099713694,74.03701395198746,74.70881695510748
6025,62.99999999999998,68.98448407821907,67.6508342185126,66.39729926461278
3700,47.13,127.85991002706785,50.767026848400874,47.536176168375036
5674,65.66000000000003,64.24953227556358,63.012550655747916,63.34506425124613
5403,300.75,190.89073068245824,284.2147358564933,301.0706087426004
2995,229.59000000000012,197.45734405457358,231.62664124055468,221.6667899636208
6444,82.02000000000001,64.05737724358282,64.6635785571527,65.3650891262334
5843,23.000000000000004,50.38189239252308,29.19629935833208,24.100852279352345
2398,55.00000000000002,64.75460567186501,54.46216544873273,54.19045919345382
3880,44.04,60.19264248003489,55.08721829405625,54.239936316683945
5372,131.3,169.28890018851826,168.04027529004895,173.77761061888233
3227,75.13999999999999,67.19183409423525,65.22291709600061,66.97642827189749
4217,89.76999999999998,63.67329009824792,58.862943327897355,59.79555981135589
6160,80.56000000000002,67.19641272064129,73.42225481502707,76.82977190114997
6112,175.76000000000002,204.38419163703554,250.39382795021996,248.0975263747854
3807,242.8599999999999,184.3504696084837,177.49792413922572,176.77090253450592
4956,184.21000000000006,172.61687550412012,175.0518731885025,175.09371864041174
577,202.70000000000005,122.96208085559716,138.38194924892127,144.34264263206074
4038,80.00000000000003,66.5655378006867,66.5932388148498,64.96542108240128
2934,191.67,203.67590135167927,207.95433263333277,201.1110580516518
787,154.28999999999994,211.52204182131064,245.85087787523645,239.13371940749877
4351,218.74999999999991,133.76202186884316,108.45509082960429,99.6078160663244
2893,411.76,200.52440674828497,265.38739259831124,281.92111124418466
2127,159.77000000000007,177.69392227829752,175.4409479490854,172.25953827857705
5657,59.42000000000002,66.45950808544274,65.29478906677262,67.68465496933284
5956,30.0,42.24601381144585,21.500463197876005,17.53843562878098
3786,45.0,60.00722394617929,51.1762664190569,49.41143241957359
1242,196.19,175.8031865953298,173.13121275197443,181.21832186392692
4660,203.23000000000002,171.66136887984766,196.5202792131653,198.15882665552533
2345,70.31000000000002,67.02152463856116,70.20553010516942,71.03754129772457
1501,237.7600000000001,192.97794345110879,204.78293079654466,205.55917175646127
4550,75.75999999999998,65.13681285513536,65.52880990676054,65.75961797909694
321,82.99999999999999,63.80356068895148,62.05950785407488,62.78230401324722
2623,287.50000000000006,176.72069786893405,191.3434847029721,192.6729074284654
473,306.2500000000001,202.11761268004395,216.93584151124,213.09585219650302
2954,138.89000000000004,172.75774486893357,164.79132832083573,161.24086234714736
5792,123.44000000000003,141.70345835632182,122.74317810409846,118.13562525017107
5212,59.72000000000001,67.380178067609,69.3104595852215,72.3481680313657
5398,173.32999999999996,177.09160512702465,183.34435958116558,180.06404965246057
4837,68.35000000000001,63.99821184592659,63.48479673787348,64.06178199370281
4939,70.87000000000002,62.93302384316956,60.176228132578714,61.312636923700666
4640,201.10999999999996,155.70393308880014,185.2471146705981,191.335269248865
4502,83.93999999999998,63.24604700607625,60.825602403649825,60.349579344288536
1615,101.35000000000004,67.41005108296186,72.58481883060674,74.52543423573067
3857,65.45,66.35594573746727,54.894821607152636,58.09687137850387
1706,197.13999999999993,197.70977883035337,198.65227794532723,198.33225493944954
1108,38.88999999999999,62.37966331140266,45.77640954409838,46.361546384828166
245,46.81000000000001,57.54441272399306,49.07160017413448,48.826772985151685
420,61.7,56.690888602627105,50.7640027873947,51.12116116928791
4575,102.99999999999999,191.87852247143474,193.9998277432643,189.58497467331796
553,33.92999999999999,56.70668695730687,46.66056341993498,47.26837944845684
373,47.68999999999999,62.81338626859816,60.422460781661854,61.06811226566662
2399,80.15000000000003,85.3971278111914,91.6518863718185,92.62222651692355
2642,84.87999999999998,152.80834505100438,98.31054454544162,94.68841080556005
736,64.99999999999997,67.55533544447913,72.69181146830633,73.03299523688311
4913,328.5700000000001,206.3943515976447,159.91489833540905,185.85032360142122
4350,229.99999999999994,202.97119283224177,228.03282539694425,232.8999918452709
6402,128.78999999999996,178.41586412654217,138.01581381417517,127.5055765588962
6473,59.18000000000002,61.23449378588331,54.76248044643964,53.78731365939634
1261,191.07,176.99095811587975,190.37434006656255,194.1476492748826
2820,72.31000000000003,142.21482029249387,76.35238723134772,79.45567658673242
2883,55.50000000000001,64.19326900202782,36.4739152555994,36.66495576805057
1174,192.20999999999998,194.4210759286846,208.46800525090148,212.70335093119945
2877,43.330000000000005,48.26064895796915,32.268748874557346,26.956048369032935
6219,47.99999999999999,64.44893741005268,57.95395478311329,56.84234610612754
4482,81.11000000000001,91.80510423848125,93.35512931245792,100.02480829320419
3739,172.00000000000006,177.24741001932063,170.59531200932204,166.46789557878412
3102,66.35999999999997,75.4170235958357,87.1976318216884,89.6072264160087
2328,105.71,77.31313360768591,97.64062277465965,92.70394280028998
6564,216.67000000000004,192.55865058742785,207.54290016791185,208.9793052712362
4342,89.40000000000002,76.21833152874846,85.8860359927165,88.3299806098309
5489,151.56000000000006,171.6708252262182,141.9373646858042,139.83280243963958
181,178.95000000000002,170.73000905822937,198.48160206885538,195.47724720792112
5179,74.19000000000003,76.3657104315964,74.07334865349806,71.46370922582119
794,68.00000000000001,85.64134724837487,72.2963436690013,74.63474229617965
4075,86.0,68.78462796961348,81.39637921418273,82.18137968837249
4228,70.64999999999999,63.80356068895148,62.05950785407488,62.78230401324722
5522,62.650000000000006,59.05533210494266,51.25551858908469,50.9246336238823
1883,198.14999999999995,177.26389201854016,194.96668640166456,196.5667598258397
3877,248.32999999999998,214.11183082893612,251.54775221217196,272.72766507488564
4559,375.00000000000006,180.13577755609683,187.5652973025642,184.6833796915554
2638,33.99999999999999,66.83030345524585,67.37975472119074,64.46792531028919
2925,114.00000000000001,169.9540429644323,125.68953507609376,124.64577824606202
5474,117.45999999999998,156.76841132590462,113.47056583125051,112.17971732925581
4004,54.73999999999998,61.55997870706337,55.197891600327736,55.87454174765467
4745,47.220000000000006,42.44699185165153,23.84690983941271,20.292813788313897
530,57.949999999999996,83.3652346790513,76.18105646733078,78.1800878496009
710,166.28000000000006,183.00585179806322,211.950150784592,216.88144845025914
1056,92.44,67.59794554674501,65.95684218835973,66.74000975170671
3732,16.640000000000004,35.474016838212606,16.347325680600296,14.835369548114173
5532,60.35999999999998,58.61760607651394,52.77539950236993,53.538418320321526
3240,218.18,193.95278279480874,224.41832300275726,223.84347149560438
5663,183.62000000000006,180.9053783125763,182.3903730013724,178.64088801962419
907,100.00000000000003,159.44290944207452,129.0773785753052,129.83546303340748
2526,196.50999999999993,148.3441337085927,186.79122149186952,186.97552533436487
5572,280.85999999999996,197.6809145474942,260.5173535079546,277.37440245477677
3151,61.99999999999999,62.512509902409896,52.793023041526034,51.86734241894913
2312,61.43000000000002,68.94824160011301,68.00048787974347,66.45275083321297
3357,43.199999999999996,64.6949488973092,69.02337281821005,71.1063385845931
4352,20.279999999999998,41.28068315557352,25.822343764250995,24.63104569522842
926,349.9999999999999,186.87736305329094,170.2046064990343,185.03690906593417
5880,276.0,179.49100967229163,305.97760480742687,295.2740278167935
1219,415.0,158.08869461439772,182.74221978082804,179.54849942855705
15,74.11999999999999,64.90570897080383,65.08835950276692,65.98895373429644
5947,41.67000000000001,59.15665619799271,46.95199151131797,46.57533405659592
315,89.99999999999997,68.35250944964092,51.195735405612275,50.372265787319904
2112,80.35999999999999,75.39861694858583,74.16937187925512,70.52765723284698
4664,152.27000000000004,192.9907385321881,177.0919212840958,164.446785070864
6466,61.43000000000002,65.832563436256,64.07130024503208,63.66287529080461
6175,341.17999999999995,180.65085347372107,211.4569270074209,213.7461015997561
6477,42.54,56.93100121980958,46.13501128919274,45.71531295208317
3047,49.089999999999996,63.54350536227433,61.80989028674758,62.832957997897296
3296,65.08999999999997,62.910666364082324,60.20841933763935,60.76011204181853
5402,200.0,93.97801581288208,122.22951963243008,128.05575679319423
6476,196.88000000000002,178.51176969408428,194.65665149091163,199.2157360126836
6058,214.2899999999999,213.44484545136464,252.15647736597134,254.45934826255854
2688,200.0,182.70936650068333,207.14970965600705,203.77653612066206
4977,24.59,167.0730206762646,115.49343805867755,117.13454453421272
2559,175.99999999999994,191.26449016072584,204.81460097935098,199.56622643849713
3523,153.22999999999993,183.48589373487425,216.83486658007212,202.93373638067413
4930,237.50000000000006,172.38887960874908,154.71891741656887,151.56036933293112
4857,162.0,216.09974469510695,321.95958801332046,331.52161027483976
1374,70.75000000000001,67.79182233477917,68.91896893323124,68.59405270096686
2181,62.989999999999995,65.67576325698029,60.43975228938391,60.04971903102147
1966,328.5700000000001,197.8155658564535,227.3876013655077,239.7246781716273
1593,229.99999999999994,154.24107714018683,166.26088497696517,169.92747963271856
1032,37.99999999999999,66.99917556426928,61.22475163472468,60.629612681339495
4213,201.61,167.16982525189084,169.69663939336345,170.88084118241144
3407,294.2900000000001,194.28883555144452,248.40313746964796,262.35809351036085
2585,208.33000000000004,182.1531892629196,199.93142845615475,206.18073381250764
3132,157.49999999999994,174.04932577826443,207.95708301351252,214.4337317153542
1010,29.89999999999999,69.5106322522691,68.8921983171198,70.20929892884226
1176,159.17000000000004,75.7994460921748,82.43877861473902,84.1219243899682
4449,73.00000000000003,67.18977127500844,73.87679066640547,77.25065528818105
691,170.00000000000009,87.51742964192914,92.06176874710181,97.69820922516597
5723,52.02,62.579339085217796,59.03767625610154,59.04546750617813
6135,120.93000000000005,157.30049181067386,153.89140247385652,151.49648097787022
1652,167.77999999999994,201.57744180791101,253.30144784583743,244.5689296833606
652,211.53999999999996,202.29194947694955,247.92539018191974,252.47880763924522
33,58.13999999999999,64.03415864966314,56.85900557467333,56.948866053852306
6464,39.76,63.90294308557914,51.92049013075605,51.709326273719256
44,84.99999999999997,68.49505455368964,65.11404192752987,65.40925778485223
4048,402.78,222.55799036921277,286.26804013363045,282.74399287472306
3955,71.53999999999999,63.71746779597751,62.9612695181912,63.82613418650753
964,56.790000000000006,62.214576126618375,49.052202310665855,49.00233609427172
1483,42.0,60.165053522953365,47.155426124164336,45.788839585346096
4126,249.9999999999999,193.67242869829514,263.4709580743853,268.3555266514326
1871,154.85999999999999,161.4279739926551,163.78360012672042,165.70819716206944
3365,70.62,65.67638951776726,64.6500702334256,64.2765643019972
2029,180.00000000000006,192.20222808459715,215.3229311974701,218.69692003483348
3830,90.91000000000004,64.98502990999485,73.32745010384768,74.9771128935542
6409,40.690000000000005,59.03444182516654,41.53081983676523,40.80974757295723
1961,50.67999999999999,62.436798124783486,51.56584166133991,51.0743473778056
5510,46.49999999999999,70.1000229153259,51.39072703139535,49.38441942047679
4896,72.02999999999999,64.24953227556358,63.012550655747916,63.34506425124613
63,51.00000000000001,68.2818284009681,69.04907020398076,68.82576166282271
1044,25.739999999999995,39.03082611834999,16.207072359622742,18.978853798837562
6202,20.0,45.64033547746111,27.624646772339744,26.246599627751404
5605,45.64999999999999,63.33870754356752,55.21549998661012,54.68058973695672
227,162.95999999999998,184.8878041064051,199.56715350324066,195.02511998168305
5836,398.1799999999999,214.54792972342403,299.67929530922004,322.27736601183557
3094,48.99999999999999,77.11242240302025,68.38750640399225,61.51260832630065
5371,191.3600000000001,196.6222759655856,184.535391039329,174.5708496521138
969,77.05,63.58567252162702,61.66510437490335,62.498403697665886
5316,82.85999999999997,63.55202047531239,61.432978359844775,62.2616002153866
3231,95.71000000000001,144.1768773689693,119.421637596275,113.03715577271943
1197,66.02000000000001,64.14818716844994,65.03544458087477,64.970657336629
3794,36.86,83.61945169825532,74.75072248069742,71.07048582263555
5001,65.99999999999997,83.34973895241099,79.06084713769675,79.92991525130721
4709,70.0,67.05682276627392,72.84914704086422,73.49098313581847
1623,138.33000000000007,163.59482266140827,179.01180549450493,178.38472487683134
2534,50.0,61.95808129816368,52.76511744307943,51.54583189208638
3264,82.99999999999999,65.7919675692416,62.98257817985374,64.36829126625948
1671,90.28,67.35118366046274,74.92399324930247,76.80478520769978
4839,96.76999999999997,72.91214226901018,85.117474021515,85.45606931221097
3793,158.74999999999994,172.11296273789304,188.95871978546705,200.14991353585324
1965,142.17000000000004,85.83898350561319,153.83680590156183,168.4991092316902
2851,61.760000000000026,62.83994403381604,58.75860847692076,58.659952983499586
4294,37.8,76.61625041681827,81.65312549322223,81.44304828353695
4046,51.95000000000001,60.993461189549805,56.0062755217196,55.223742528933855
4517,100.00000000000003,67.68501509159356,89.97849443531858,94.06396905163633
3689,145.59000000000003,141.15028220558443,133.40439798919508,132.35761205862713
2445,162.03,84.38214650729267,162.0427199090737,175.7420707192531
3885,143.99999999999997,150.49491905708254,131.46617073051175,132.45027697359916
4127,341.7699999999999,195.70148251607617,264.9611539081854,282.0093140319271
1916,152.49999999999994,180.61371384868406,187.77111984451187,180.74351568168953
4834,70.67000000000002,79.12969295642083,81.407845079837,79.97281726431063
3410,70.0,72.221158145167,77.77577929016694,76.89459235983338
1606,225.00000000000009,89.31720233930898,115.6584632741834,121.28468722029491
641,405.17000000000013,213.54031511053537,251.82134414697396,266.61383226745517
4303,215.22000000000006,179.59073942532237,184.88327798535946,189.38229257258686
1181,256.00000000000006,197.74126546543675,212.9000276185158,223.07957839226472
297,219.64000000000001,188.7967349443245,188.0987566020385,192.33591856293071
303,164.06,160.91658900645857,153.30566969470024,152.61276083620564
5228,124.69000000000005,144.05245473611672,127.46996183721117,122.18088413179522
4077,76.11999999999999,64.23294256474242,63.186365465844204,63.983564435333506
4634,78.12000000000002,58.586748069304136,55.069024931549194,55.46495050088429
6582,23.12,42.62550049072415,33.881686175978366,30.46715184559055
2481,156.75999999999996,172.42578695865075,167.48731040154374,167.5083594030202
655,362.49999999999994,155.32340187078975,161.85666843499618,166.00854503338675
1729,108.62000000000005,151.75858214420685,117.20983335601835,113.70853076099966
4454,71.42999999999999,67.4502211718363,72.13971495308463,75.2063814991102
3605,182.50000000000006,153.80270310157832,176.99636193883808,182.75847317831517
240,157.14,176.66692560774135,172.11787133841273,172.44234291243635
783,185.37,196.22962452138958,201.96818645792143,207.48159540089904
1018,168.42000000000002,176.2347545467179,165.62605279582627,159.97721549676416
5386,87.63000000000001,66.80952380600647,70.85175546308477,72.41216194699548
977,194.43999999999997,149.0060575570133,142.71226698286878,141.61096261459113
1773,62.49999999999999,119.9891442251573,71.64659041149312,66.30577130362595
6397,44.440000000000005,62.546908356596006,59.269611630350674,58.73126993752205
2387,112.50000000000001,141.2899443744077,102.62461619396673,94.21484398982867
257,222.73000000000002,217.99278648613102,258.81112413179096,270.2947399801714
893,78.05000000000001,86.82175948443462,84.35418261367538,84.47414374223916
1360,68.65999999999997,63.765504939174164,62.66417923383919,63.5850611970358
4623,219.5,169.75090416025225,192.08393982400133,193.100495062275
5278,203.1800000000001,176.58943125852514,168.50919447623735,157.76468374426003
2650,45.830000000000005,80.74233069524887,66.54973814037567,62.822965497935876
6264,196.67,227.76667138883641,261.4490090893021,247.7128782367334
2375,121.66999999999996,190.39195110109813,208.46861479033828,212.73761419175307
2615,60.1,67.61510744472803,68.97378312099892,68.08233832728759
1253,71.25,66.54803710923431,64.16176295584259,64.00212578744132
1888,64.44000000000003,57.50894368610512,49.16823077018618,48.45138772129067
3931,409.0900000000001,183.85393544738423,229.89229540142952,213.45468200625356
1335,61.049999999999976,63.51600135991485,48.68823861632652,48.408791432894205
1569,42.86,63.373277145928625,54.976513547702396,52.94061727430166
5273,59.63999999999999,63.038617691598276,59.21866672064904,59.46833644496343
1902,97.49999999999999,158.9016233443142,140.04957414984142,123.22137925638067
2364,138.89000000000004,153.36241125642965,123.62484433446092,116.24862436723058
1400,306.15000000000003,219.59068416210383,267.17005627386806,266.0663483792302
5523,124.63000000000002,152.42528090635045,108.09705688397247,108.40834466356968
3660,79.50999999999999,66.80892970192671,68.91499066617175,70.84773892790606
5658,47.059999999999995,67.6998850314923,54.230162584089754,50.850190078915105
2571,79.48999999999997,78.70301443299418,89.30597065966677,93.02511038581736
2299,43.99999999999999,43.82539207078976,33.730701940286046,31.945702491435696
1092,53.62,70.4773843588918,70.34030166381292,70.56251185904112
124,225.00000000000009,110.50644897768673,203.98816481767662,238.04494116942817
2905,63.999999999999986,68.36039181972612,67.12969178396192,65.48677261077337
2949,57.84000000000001,83.41176127918953,81.14603396397739,71.9177238949778
4828,49.53999999999999,58.19013808261935,50.88441097431793,51.03245733124859
3012,17.999999999999996,35.02131645650529,14.72932400506616,14.201749490754386
6026,49.43999999999998,70.32635001935154,72.03819070090891,71.07395656628968
4516,143.93,66.47750913346192,87.43011234278029,88.09128403088444
598,64.99999999999997,74.42273398312142,116.63777033744046,117.766074004791
75,166.66999999999993,194.01229006112743,204.44462187654867,202.3193218218417
3698,249.9999999999999,191.5117892881451,261.6646976273874,244.6664407395584
4271,38.5,35.83951576773716,20.78271112597702,19.32628345534809
1835,287.50000000000006,166.39854313309314,257.99589545671,244.5412925009462
3478,99.00000000000004,68.62600518740855,78.26078959273094,80.2483806610268
6154,79.26000000000003,64.08228088298863,63.335201764357336,64.20746176405828
149,127.99999999999997,86.23554385021937,113.72460952520657,115.52123736663472
453,100.00000000000003,65.8878380501965,60.495208652465266,59.06332137038854
3886,70.67000000000002,61.80482072892494,61.02107571395306,61.96112492549842
5218,153.32999999999996,160.7682305205969,138.05489705331664,133.64263884245722
4669,58.999999999999986,52.7736664562068,32.446086492918496,40.98635560618203
808,274.9999999999999,204.58994313327997,239.83741460648818,252.67703308286107
3121,72.91999999999997,75.63295074499933,97.49324833155043,107.88001130538179
5110,315.56,208.07937807530712,350.23544155208447,371.1351459590958
1119,41.169999999999995,78.31180023547579,56.84492489643971,62.07340385344338
810,181.54,185.71358064062116,185.34975457339885,181.71725287303693
1129,64.80999999999997,71.73495586103151,65.48218450873271,64.38046998216467
834,41.31999999999999,63.341321532101745,59.940152184980185,62.13478133263285
2846,124.65000000000006,73.71028090219322,75.00773219167856,77.41707318685742
5049,92.85999999999997,143.63360308663786,126.79177759505657,127.57329171754785
6296,52.73,58.313418083782274,50.88441097431793,51.0899463034366
1477,218.18,177.1457338389585,174.3916552083564,171.84709588952958
6115,53.2,63.85903280924117,39.6037723778156,36.206076594583195
5983,144.43999999999997,186.31023508083237,143.52779659958927,140.33565080752217
4012,36.99999999999999,67.1092836874864,67.97737293545613,67.5149213005614
2133,74.38000000000001,64.71980586464089,63.760407854973025,65.94823058777055
3426,20.0,38.735615117167974,23.292137057979765,27.867813779146392
4595,93.26,68.20519325292231,79.86979881912548,80.59183820312556
3270,183.33000000000007,172.53139384158922,180.79069328799247,175.88924769973775
1027,52.00000000000001,62.03402851155095,51.105416418982834,49.56424646499154
2669,109.09000000000005,160.38750975470217,130.44240683845604,121.61833222583004
3439,20.829999999999995,37.38687213022142,28.671983602837205,25.23164897750407
349,77.45000000000003,94.45404976856038,139.17845577298806,146.83712017481628
5198,58.33000000000002,71.70434013574067,63.74369854851753,62.74275534612418
662,55.45000000000002,74.80980646781245,59.17712379716958,58.71605570779425
172,177.49999999999991,176.72659971806272,164.92106734477815,166.74319470690472
1235,57.26000000000001,60.63766007397718,52.77876166930112,52.67445013655129
4240,47.99999999999999,67.9545010726753,60.65273602815708,59.21525564601059
422,241.94000000000008,179.39979610232513,201.06883605631117,202.03611676197596
3337,30.379999999999995,76.21736603924006,70.32292420680947,67.2989134135243
4726,73.77000000000001,67.24766778345302,72.01491380667632,73.18170200027811
881,53.49,106.21130219637958,82.8678071529407,82.3865436594496
6108,63.94999999999999,67.57493857764783,64.96532894963845,65.06351690697163
5797,36.99000000000001,65.52184691372842,54.32996974264316,53.04150500367835
2929,52.73,59.209942199677734,45.45340475522493,43.680052792314235
3852,83.08000000000001,67.34250935519877,66.76184520943873,67.29687001134516
1426,128.33,95.76533643964504,141.03744745124553,151.26602165020668
102,91.45999999999997,70.1511146874821,77.19746204874697,77.79385463023551
2057,60.32,63.79458431262202,60.30301744150259,60.03906465838797
1831,48.88000000000001,60.997364299963856,55.20567467276653,54.14236106475726
5183,69.43000000000002,71.08045502581983,65.11713417153983,63.40033940289615
2484,28.000000000000004,68.02974914348651,52.6411980981454,54.18613201939491
3855,172.5,187.41316098513573,207.6827688910204,205.7441485195482
3770,51.940000000000005,59.066587756900816,53.101505138831584,52.06501161054198
5788,58.16999999999998,62.271997890297556,60.07986928010682,59.91727142904299
5066,69.58999999999999,77.15810813297436,78.0809387126483,77.07268426130175
135,185.71,182.92946816468995,193.02369090538664,199.09208876565677
1893,122.50000000000001,153.67820688343798,90.13163656082718,81.46835429735754
3297,267.3000000000001,158.65322171919397,177.76435970220487,178.550663667275
5914,262.86,187.0038191869245,230.08041620715457,228.38834824886553
4373,200.0,165.1429146330905,160.1183732339335,157.12284510088105
4765,226.67000000000007,194.55699794218307,193.76448735790183,199.34464644000602
5507,55.00000000000002,66.9753262890207,70.58807811323015,71.88024671921212
2306,102.93000000000002,79.75301689700434,83.42014488788847,83.92021760604486
3580,71.67,62.793544282792574,61.47377170229881,62.46524613296939
6504,376.00000000000006,228.39879985908698,292.74390926814857,322.02767977888254
807,64.99999999999997,68.44071062698133,64.85384923844937,63.82558822571714
462,73.26000000000003,65.15624829699023,60.272118951957175,60.01946609153373
879,299.9999999999999,229.54597208339055,276.0361282277871,286.19783320628386
6041,47.00000000000001,78.10816586119647,80.44652954972511,74.81900902450018
3707,50.46,59.61052653384357,52.03893403138898,51.58859351799941
4941,206.25,178.39478435082313,191.56113679527465,190.46676259609671
5652,86.01999999999998,70.72626383637942,81.56011886941518,79.64236398001434
2276,172.09000000000003,178.24587698371724,177.30741985407556,174.97311778809637
799,108.10999999999997,167.74745941693772,147.39211916647267,136.43174353140185
354,46.669999999999995,75.52592611762412,48.14536530443494,49.18674269725874
1703,212.16000000000005,174.86249136605997,190.99261841648948,185.072696307068
1073,184.91000000000005,76.444018849743,125.50583572617332,124.86976061938628
3947,125.0,163.71090427418227,158.471972052019,158.1946105580452
144,57.890000000000015,64.73734002309813,59.657878874769416,59.35839873138252
380,83.33,68.59679259009614,69.97233602225076,67.94620101174544
2513,54.550000000000004,60.06268757014198,53.30269161061079,52.89484943903983
4020,175.79000000000005,176.81757030876545,180.92373895195115,174.69235144385829
121,54.139999999999986,65.37107777625846,63.02931302557424,62.29750337260465
6358,61.760000000000026,63.94179713032797,64.26457221142704,64.81427874448109
418,281.8199999999999,201.46966425278148,221.2885305914892,215.24616861897678
3148,258.29999999999995,203.21094082030038,285.3345250829248,278.50778739806805
5174,67.06000000000002,67.09767680253282,73.79430988720375,76.62117891054965
2018,58.400000000000006,61.008404005941536,55.481006481734276,53.76900976090141
4986,57.34999999999998,63.13120121363123,56.36628635946796,55.540915434451875
3552,53.57,59.04619996983516,45.7611059387794,46.0054359621016
555,64.52000000000001,72.3527459416939,71.54463856602337,69.4863302815564
1535,55.65999999999999,68.2853804923235,65.383702834016,66.21044349315721
5667,387.0600000000001,234.66823184163627,313.7255125230991,329.11852283721174
1557,77.50000000000003,55.48717593786344,35.64712309525281,32.904357235464566
4056,157.40999999999994,158.30294052273075,173.97924145131367,180.06391979575696
1272,400.00000000000006,179.80415422686758,356.9967490006114,374.98210225324067
6167,144.68000000000004,170.1860437091694,180.847031286234,184.37465516385595
6050,72.28999999999999,77.53453886512689,68.13225462966713,66.93526505439188
6007,183.33000000000007,154.69635435276504,175.6427206434648,177.5324903801436
3752,70.0,105.36505515639033,68.22624235178647,66.04555275870284
5834,66.33000000000001,70.99012019912617,73.36175517551733,73.05824336726994
1499,260.00000000000006,191.48908119295808,185.86175361561644,182.14546809935095
6238,66.09000000000003,66.29210269675089,62.29735365550471,62.327561650318295
3650,44.86999999999999,64.6773998833136,60.59834040414169,60.743447835308785
4129,46.83,60.178108507532684,49.9380835255855,49.884857453691076
4101,141.93999999999994,135.4271587702461,134.55761785290318,132.0586209798073
5632,253.33,212.08228625338415,234.8813904181851,240.39324720351442
1765,56.57999999999999,61.72551244388076,50.30319400290277,50.158769601156074
5129,53.330000000000005,59.677377561954415,52.187484480019265,51.72352521774175
5441,59.300000000000004,64.28777527945097,59.907913503160586,60.888422017122544
1741,60.710000000000015,69.33874266249546,62.833047449076304,63.85283001885965
2815,31.0,144.96986710258483,190.77599644256352,212.4175331003738
6468,57.40999999999998,64.92073669085019,66.53056794855505,69.42258507025296
1268,77.50000000000003,67.09175592739102,66.96929734429969,66.14422929042814
414,52.629999999999995,67.3711464506392,70.51628984403654,72.6271186544683
3680,63.510000000000005,61.22502443468169,53.47564327635359,52.925170705562735
654,40.00000000000001,61.69804612781867,51.53311026159884,50.64378630651014
3358,65.45,63.15709266190861,59.07067238743956,60.546810263071336
6549,138.82,86.67851028007584,165.12195913963268,179.5745319100277
1782,257.81,212.77838862280208,234.1593019835333,244.71009334700761
3066,170.62000000000003,162.0053077906486,176.5962857447967,189.03642752366747
4019,194.57,178.24015997651196,188.9008463754885,181.1319061927546
2119,84.62,67.65937070876473,75.02350562010308,77.3529907677768
589,68.72999999999998,62.29327610605186,48.898398487682115,44.752352564964845
2521,135.56,174.6580642533343,177.0463845442982,174.3222876756091
3691,70.0,67.43893961407085,72.3787964578088,75.18519131149979
3360,68.63000000000001,65.0356574866072,68.3553157636865,69.1689367447194
3119,180.00000000000006,186.51801556316894,205.0456854136939,193.55029892132058
3382,156.75999999999996,90.79180784042394,109.16253053170465,127.98744613947471
3505,54.17000000000002,65.33007108737709,61.98656270337239,60.737850895081905
701,82.02000000000001,65.57986115131614,65.4376722276494,65.6838946228219
2656,91.94999999999999,87.15626070377503,99.5512367654574,103.02175777450303
1934,146.67000000000002,88.24109893354527,143.4208801863566,167.12215052871608
5397,67.57000000000002,78.71756420514349,98.92938759522865,96.22575244021351
677,50.62,66.89714300026971,61.08397739387068,60.23945987464936
4165,180.00000000000006,174.5889206989771,200.07829295735004,197.7784029411792
